Food,Amount ,Calories,Protein,Carbs,Fat
Jam,68,232.1,4.9,21.3,20.1
Mutton Curry,38,81,0.4,9.4,9.5
Kheer,115,204.3,22.7,49,10
Corn,296,384.7,36.1,89.3,24.8
Dal,64,48.1,5.1,26.6,21.7
Broccoli,160,255.9,23.1,28,48
Blueberry,261,686.9,27.6,28.9,48.3
Nuts,204,576.2,41.1,75.5,3.8
Mango,91,296.3,15.1,6.5,23.2
Apple,31,97.3,2.4,10.7,5.2
Jam,35,107,8.1,13.4,7.5
Banana,169,485.7,15.7,59.5,34.4
Tofu,133,234.1,2.7,18.3,15
Curry,197,527.1,20.4,57,21.9
Olive Oil,131,328.6,4.1,15.3,24.5
Eggs,59,93.8,12,5.3,4.2
Potato,227,458.6,4.1,62.1,9.2
Poha,146,229.8,19.6,12.4,18
Beans,259,743.5,53.2,34.5,51.5
Rajma,199,368.6,42.6,76.4,51.7
Palak Paneer,168,170.8,5.2,68.3,3.1
Halwa,228,209.7,28.6,52.7,12
Chili,87,154.1,11.8,18.1,27.9
Beef,300,791,58.4,133.1,49.8
Gulab Jamun,122,361.7,3.1,53.9,35.3
Pasta,176,371.5,39.6,73.1,59.7
Almonds,33,87.7,3.5,8.2,8.9
Sambar,160,83.3,16.2,50.3,51.7
Mutton Curry,203,654,21.1,17.3,20.8
Tofu,241,699.2,31.7,22.1,80.6
Nuts,176,502.4,36.7,55.3,45.8
Pineapple,272,122.3,66.3,90.6,74.8
Carrot,104,140.2,4.7,44,3.2
Buttermilk,37,34.9,3.2,15.9,11.4
Naan,155,266.7,3.9,29.3,52.4
Cabbage,98,156,4.7,17.6,21.1
Butter,254,863.4,40.9,92.3,38
Buttermilk,39,94.8,6.8,2.2,7.7
Naan,278,315,29,103.9,91.5
Aloo Paratha,241,106.2,8.5,64.6,56.4
Quinoa,266,120.4,64.6,68.9,25.9
Papaya,247,209.3,43.9,19,21.4
Khichdi,112,308.5,20.9,20.8,19.2
Apple,290,850.9,32.3,88.6,50.3
Samosa,34,22.2,1.9,12.6,5.2
Almonds,154,251.2,21.1,22.7,4.9
Sev,149,276.1,15.1,53.7,20
Aloo Paratha,300,822.7,54.1,54,35.4
Curry,179,591.1,27.5,19.8,60.7
Pasta,98,82.7,22.1,27.1,33.9
Paneer,69,31.3,10.4,29.1,10.3
Maggi,239,109.9,39.9,94.6,52.9
Butter,189,412.3,15.4,64.1,36.9
Carrot,60,145.1,11.4,18.1,17.5
Garlic,164,379.6,27.2,18.8,21.3
Dosa,272,616.2,25.5,97.4,12.6
Nuts,227,717.1,32.7,12.6,19
Idli,66,63.9,6.3,21.2,17.9
Halwa,186,253.4,6.3,31,61.9
Dosa,264,707.8,50.4,109.9,67.7
Fish,94,269,5.2,37.5,16.3
Lassi,228,207.7,33.9,36.1,7.8
Quinoa,252,746.5,45,65.9,33.9
Honey,295,579.2,39.9,117.3,86.4
Oats,213,654.7,29,19.2,72.3
Chole,114,127.3,11.8,34.4,3.1
Matar Paneer,163,343.1,21.9,50.6,53.6
Almonds,297,770.8,69,40,102.6
Chia Seeds,61,161.7,3.3,4,15.7
Milk,271,429.3,9.8,86.4,61
Aloo Paratha,94,227,17.2,10.8,19.4
Tandoori Roti,264,561.2,21.4,110.6,72.2
Butter Chicken,135,308.1,5.4,20.5,29.6
Vada Pav,119,416.4,20.3,44.9,32.2
Yogurt,122,280.6,12.2,35.2,30
Mushroom,236,729,42.4,35.4,51.9
Bread,45,36.5,10,12.8,4.7
Blueberry,51,61.1,9.7,19.6,8.5
Kheer,257,338.3,58.4,97.8,67.4
Baingan Bharta,223,423.7,39.2,20.5,52.5
Eggs,224,335,15.4,59.2,12.7
Kadhi,112,178.3,19.4,36.9,26.7
Dosa,139,338.4,31.6,7.5,9.9
Cucumber,107,179,24.9,36,23
Peas,112,334,17.1,49.8,2.5
Honey,280,974.8,41.3,39.1,90.3
Cabbage,179,588.3,9.4,21.5,18
Lentils,38,45.7,7.3,14.7,7.7
Butter Chicken,241,283.9,25,92.9,52.2
Orange,48,113.8,8.9,8.7,13.1
Fish,96,287.8,23.3,21.9,5.7
Roti,115,278.9,18.8,17.5,4.6
Jam,48,46.3,6.5,10.3,4
Almonds,55,161,11.4,13.5,9
Banana,111,207.1,27.6,11.4,18.5
Papaya,59,54,7.7,6,11.9
Jalebi,258,218.7,24.1,32.7,57.7
Chicken Curry,68,135.8,11.8,9.7,13.9
Bhindi,274,563.5,45.1,112,80.8
Yogurt,60,61.1,14.3,25.5,13.9
Orange,192,637.6,38.9,80.6,3.2
Tandoori Chicken,133,70.1,4.3,36,4.2
Bhindi,49,153.4,4.7,5.2,9.3
Biryani,143,118.9,14.4,36.5,30.2
Mango,285,115.1,49.9,59.8,78.9
Sev,299,917.6,69.8,34.9,47.5
Jam,122,326.7,24.5,35.7,32.6
Rice,39,97.9,3.2,3.5,5.1
Lentils,138,137.4,21,45.4,14.2
Maggi,90,214.7,4.2,20,19.3
Maggi,141,208,24.5,40.6,22.2
Butter,294,701.1,15.9,64.1,86.1
Pasta,211,733.8,50.1,70.1,42.7
Tofu,133,426.9,27.9,24.9,21.1
Tofu,151,521.7,11,37.1,32.9
Buttermilk,230,790.5,29.5,14.9,61.6
Chicken Breast,273,601,61.5,15.2,62.9
Bhel Puri,271,530.6,15.1,30.4,45.4
Shrimp,109,166.6,24.2,9,10.3
Blueberry,157,408.7,17.4,14,9.6
Baingan Bharta,198,377,18.5,71.1,19.8
Tofu,296,846,65.3,103.1,19
Rice,263,203.7,29.9,21.5,68.8
Mutton Curry,247,287.9,42,57.3,9.9
Apple,296,139,57.3,72.7,3
Mushroom,286,656.4,9,87.2,95.5
Corn,152,469.2,28,57.7,46.7
Chicken Breast,290,998.4,23.1,79.3,60.4
Dosa,165,288.5,7.6,14.7,52.7
Broccoli,209,178.4,50.6,89.5,24.8
Corn,183,141.8,4.3,49,22.3
Beans,31,27,7.2,6,3.3
Pineapple,299,1042.8,39.6,134.5,8.3
Quinoa,230,524.1,16.7,14.8,58.9
Tandoori Roti,185,118,10.7,70.6,32
Avocado,61,102.7,14.1,19.1,6.7
Tandoori Chicken,214,415.7,37.7,90.3,43.8
Puri,36,62.7,1.4,4.6,1.7
Zucchini,236,773.6,25,67.2,72.9
Nuts,299,353.5,56,36.1,8.8
Sev,53,52.4,3.8,11.8,15.5
Tofu,173,338.8,2,30,26.5
Almonds,229,100.8,36.5,102.5,76.6
Lassi,177,130.6,7.7,44,38.6
Gulab Jamun,208,440,48.8,77.2,10.1
Bhindi,269,440.6,44.2,89.8,93.4
Pakora,118,385.9,6.1,36.7,5
Rajma,181,122.2,25.7,27.7,15.4
Pav Bhaji,242,542.2,24,43.4,25.3
Apple,34,65.5,5.1,2.9,6.1
Naan,92,221.2,17.7,38.5,22.1
Apple,58,67.8,3.7,11.5,17.7
Carrot,64,216.3,7.1,6.6,3.3
Blueberry,80,106.7,15.3,21.5,4
Gulab Jamun,165,344.7,19.3,58.9,21.7
Corn,190,92.6,25.2,70.8,28.7
Bread,55,123.2,7.4,13.5,15
Jalebi,207,282.7,32,39.3,23
Bhindi,256,226.1,50.6,77.1,60.6
Banana,280,373.2,31.9,83.1,84.1
Sev,32,19.3,7.3,9.9,8.4
Matar Paneer,58,57.3,9.3,22.7,11.4
Mango,87,164,11.8,7.4,25
Chutney,203,521.5,26.3,64.9,28.3
Pasta,77,88.6,7.1,9.9,20.7
Lentils,107,106.4,9.7,36.4,24.2
Banana,253,820.2,28.1,108.7,59.3
Butter,277,464.3,46.2,121.9,54.7
Cabbage,298,534.2,53.6,84.6,44.5
Onion,182,238.5,15.9,69.3,7.3
Garlic,91,176.9,10.2,28.8,6.6
Potato,99,343.7,15.7,29.1,18
Spinach,54,47.4,5.3,16.8,16.8
Blueberry,68,174.5,8.6,15.7,10.8
Chili,138,295.3,9.7,23.3,5.5
Pulao,216,639.6,10.8,13.9,8.9
Maggi,299,465.1,74.6,77.9,81.7
Potato,181,613.4,11.3,37.6,50.5
Maggi,248,691.5,45.3,71,82.5
Chili,280,402.5,16,86.3,59.9
Honey,83,153,13.9,13.6,1.2
Pav Bhaji,219,113.7,25.6,96.7,63.8
Tandoori Chicken,212,653.3,3.2,45.1,38.6
Rice,139,455.8,27.7,23.7,1.6
Eggplant,130,388.7,24.2,13.9,25.5
Watermelon,125,209.1,8.7,46.2,29.6
Khichdi,83,264,16.2,26.8,23.1
Halwa,235,254,12.9,56.8,31.9
Lassi,262,896.8,56.3,78.5,80.4
Banana,194,394.1,44.2,65.3,45.5
Sev,90,219.3,8.2,32.9,6.8
Garlic,58,35,3.5,23.1,3.1
Jalebi,243,465.8,56.8,77.4,5.8
Upma,183,135.9,44.6,59.1,54.6
Blueberry,167,444.3,5,33,38.3
Palak Paneer,61,106.5,1.5,17.7,19
Banana,81,227.5,3.3,4.9,27.8
Cucumber,133,362.3,26.7,14.9,32.2
Turkey,141,356.6,27.2,22,6.2
Tandoori Roti,275,495.2,19.5,99.7,94
Cabbage,119,400.4,16.1,17.8,36
Pineapple,44,63.5,5,2.6,3.3
Halwa,284,167.7,67,20.5,87.2
Cheese,93,283,13.2,14.3,30.9
Vada Pav,287,674.8,33.2,63.4,71
Chole,88,243.8,1.4,9.4,27
Chia Seeds,283,379,67.8,60.9,87.9
Ghee,114,301.3,23.2,16.8,10.1
Butter,276,618.3,35.4,26.7,53.3
Cheese,254,301.3,19.8,54.9,3.2
Oats,287,673.3,20.1,117.3,6.6
Poha,193,630,21.1,61.2,21
Halwa,276,172.8,42.9,52.3,25.3
Nuts,50,152.7,6.1,14.1,8.9
Pineapple,149,71,35.6,33.7,11.7
Carrot,293,721.6,28,107,79.3
Tofu,255,709.8,25.2,61.4,36.2
Buttermilk,135,264.6,5.7,40.8,9.5
Beans,176,466.5,12.4,11,17
Potato,65,68.8,13.5,12.4,17.4
Pulao,39,38,1.9,8.6,11.5
Orange,126,425.8,22.9,17.2,3.4
Pasta,146,92.9,4.5,43.5,5.3
Gulab Jamun,270,264.3,43.4,16,90.9
Bhel Puri,151,168.6,9.8,44.1,33.4
Khichdi,52,156.6,12.1,14.7,5.1
Kheer,164,86.3,30.6,69.9,3.9
Fish Curry,270,788.3,14.3,71.1,58.6
Fish Curry,221,664.9,33.8,94.4,20.3
Olive Oil,271,602.8,45.5,48.2,39
Eggs,192,537.3,3.8,20.8,4.2
Sambar,120,156.1,5.2,51.9,18.9
Milk,36,39.4,6.9,12.7,6.3
Yogurt,268,117.3,29.5,102.5,49.5
Pasta,217,374.3,31.8,53.1,31.7
Spinach,89,276.3,16,26.6,23.7
Bread,95,158.7,23.3,13.9,33
Tofu,45,134.3,9.9,4.4,3.8
Quinoa,34,64.2,6.8,3.3,8.9
Upma,126,316.2,20.8,12.3,11.1
Puri,252,183.6,36,72.8,55.1
Dhokla,236,163,12.6,100.2,37.2
Buttermilk,143,213.1,20.8,28.2,4.3
Aloo Paratha,227,703.5,33.2,68.1,6.8
Chicken Breast,132,290.4,20.3,33.9,25.6
Yogurt,54,105.3,6.1,21.7,8.3
Mushroom,184,509.3,42.8,29.8,24.4
Papaya,47,74.9,8.3,6.3,4.6
Vada Pav,67,229.8,10.2,17,17.8
Shrimp,183,601.6,12.6,22.4,43.2
Pav Bhaji,188,464,14.8,29.3,34.6
Tomato,218,114.3,16.5,14.9,69
Biryani,248,126.7,15.1,93,10.4
Poha,232,525.4,38.5,103.3,9.6
Maggi,240,779.4,42.5,76.7,72.9
Chole,178,367.7,16.4,27.1,37.1
Sambar,60,117,1.8,12.9,13
Biryani,79,216.6,3.6,20.2,23.4
Strawberry,239,593.2,23,54.9,31.2
Biryani,270,749.9,10.1,75.8,39.1
Beans,225,631.5,30.6,60.3,46.1
Lentils,221,418.1,48.2,99.2,45.6
Bhindi,285,208.8,61.8,17.5,37.9
Ghee,213,106,43.7,52.9,27.8
Eggplant,157,81.4,1.8,13.2,44.9
Khichdi,247,532.5,34.6,100.5,79.4
Shrimp,149,518.8,18.6,43,31.8
Milk,284,964.9,53.5,56.7,91
Cucumber,147,280.9,27.7,47.2,18.4
Pakora,58,100.3,12,21.3,8.2
Onion,43,103,6.2,17.4,11.5
Corn,209,202.6,14.9,55.7,10.7
Chili,134,90.5,9.6,15.4,38.3
Curry,190,223.7,14.2,14.1,54
Butter Chicken,252,741.2,58,85.2,7.6
Mango,103,295.3,14.4,16.2,24.9
Zucchini,152,291.1,26.2,37,7.7
Palak Paneer,169,333.4,9.3,14.5,34.2
Kheer,232,713.5,49.8,66.7,45.9
Rajma,219,452.6,25.6,64,13.6
Dal,192,86.8,26,43.5,39.5
Kheer,277,754.8,33.8,116.8,81.1
Honey,85,40.8,20.8,29.4,27.1
Orange,88,187.7,15.7,27.4,6.1
Chole,141,234,8.2,31.3,39.8
Paneer,267,494.9,40.3,88.4,82.9
Idli,64,129.6,6.6,15.3,6.5
Corn,77,40.5,7.5,27,17.8
Banana,74,41.4,8.6,33.2,2.3
Thepla,46,158.9,3.5,8.6,7.4
Paneer,210,241.9,25.1,57,59.6
Blueberry,160,461.1,17,35.6,12.1
Blueberry,84,242.4,20.6,11.9,11.3
Lentils,64,38.2,0.8,16,20.8
Beans,65,110.3,8.7,8,11.9
Coconut,233,301.2,46.4,59.7,41.5
Mango,119,331.8,21.7,29.1,7.9
Papaya,58,182.5,3.9,15.8,5
Sev,35,58.4,5.8,2.9,4.3
Fish Curry,183,481.3,30.5,73.8,55.6
Pulao,193,587.2,19.2,21.7,56.5
Biryani,143,313,21.4,59.8,20.2
Blueberry,199,419.5,45.6,18,24.2
Onion,114,310.3,15.9,50.6,20.5
Mushroom,73,108.9,8.8,20,15.8
Watermelon,65,189.6,15.2,4,20.5
Chia Seeds,82,155.5,2.5,22.6,22.2
Oats,199,343.8,40.3,52.1,10.4
Idli,284,183.6,26.7,116.6,89.8
Bhindi,295,446.3,50.9,20.2,6.4
Paneer,88,218.7,14.5,10.8,26.7
Garlic,95,159.7,12.2,15.5,4
Vada Pav,282,384.3,62.3,120.9,68.8
Cheese,201,83.2,2.6,87.9,24.5
Fish,227,178.1,33.8,76.6,5.5
Yogurt,80,194.1,1.4,5.8,7.9
Chicken Curry,83,278.3,11.7,6.5,1.6
Kadhi,79,243.4,2.9,23.7,15.5
Beef,238,119.7,41.9,61.4,50.4
Honey,53,91.6,3.7,23.2,8
Chicken Breast,188,155.7,42.8,75.1,38.3
Dhokla,224,756.2,23,65.9,43.5
Dosa,190,361.5,37.3,49.3,53.1
Paneer,273,745,48.7,57.9,41.9
Vada Pav,120,216.7,29.4,31.2,33.5
Rice,185,572.5,23.2,22.9,62.3
Tomato,194,170.9,33.9,67.9,29.2
Kheer,243,572,8,46.1,24.7
Idli,250,335.5,4.9,24.6,75.1
Honey,196,248,5.8,56.9,51.9
Pakora,73,148,9.3,18.9,12.9
Puri,238,585,14.9,106.9,9.7
Idli,122,307.9,5.6,22.8,2.4
Cucumber,51,69.5,8.7,13.7,13.3
Apple,39,65.4,3.3,10.5,3.8
Mutton Curry,153,280.9,33.9,41.3,32.3
Fish,84,105.3,11.6,35.2,4.4
Mutton Curry,243,281.3,36.4,17.6,49.6
Pakora,254,399.9,34.3,81.5,86.9
Yogurt,140,354,13,59.4,24
Tandoori Chicken,260,847.1,31.8,112,82.4
Sambar,125,276.7,2.1,54.6,38.1
Chili,211,653.3,7.5,49.8,56.4
Broccoli,285,470.6,63.7,21.5,69.9
Peas,166,434.2,33.6,46,40.6
Oats,52,93.2,10.2,16.5,12.5
Fish,239,811.9,8.6,36.6,46
Sev,262,338.4,45.4,69.5,6.7
Dal,133,194.5,6.9,43.7,30.2
Chutney,232,606.9,12,54.3,75.6
Beans,83,64,4.2,33.3,5.5
Coconut,85,269.9,15.9,27.8,16.9
Orange,42,29.2,2,9.6,10.7
Mango,172,101.1,7.8,69,51.6
Aloo Paratha,201,400.2,4.2,10.4,59.6
Watermelon,54,39.6,12.1,6.7,5.5
Avocado,148,403.4,19.5,14.7,4.4
Dhokla,149,147,31.3,21.6,1.5
Olive Oil,98,201.3,2.1,41.2,23.9
Eggs,94,277.7,16.8,10.9,24.2
Chili,83,68.8,10.4,35.9,13.6
Ghee,51,36.6,5.2,13.7,14.9
Mango,112,113.6,20.2,30.3,26.5
Quinoa,164,239.9,14.8,44.5,19.5
Fish,45,120.1,3.2,18.6,12.2
Apple,31,74.5,1.8,12.9,4.7
Dal,81,94.5,9,25.7,17.9
Poha,73,121.6,2.2,7.6,11.5
Mutton Curry,261,300.7,58.8,45.4,22.3
Peas,229,391.2,7,30.6,3.9
Pulao,100,62.7,12.4,21.2,30.9
Fish Curry,170,74.1,4,17.8,40.3
Strawberry,198,450.4,27,14.7,17.5
Chicken Breast,227,453.9,21.4,38.4,63
Halwa,230,719.5,7.3,71.6,45
Cheese,272,220.7,56.1,32.5,57.2
Tomato,112,240.6,13.6,26.4,11.4
Beef,275,846.4,4.3,27.6,41.8
Dal,204,329.8,28.6,61.4,37.3
Nuts,47,116.8,2.1,20.2,12
Butter Chicken,39,107.3,5.2,12.3,9.4
Avocado,225,471,14,91.3,5.7
Chicken Curry,105,300,4.8,18,11.5
Turkey,39,30.6,9.5,5.7,4
Thepla,173,239.7,41.5,25,36.9
Butter Chicken,108,117.5,9.3,25.6,12.3
Quinoa,167,569.3,23.9,42.9,39.8
Coconut,192,259.2,26.6,57.7,31.8
Dhokla,56,123.5,5.3,10.8,7.3
Carrot,239,715.1,57.1,40.7,54.6
Beef,229,289,28.9,37.6,64.5
Idli,199,208.1,8.5,41.6,62.5
Olive Oil,212,635.6,52.3,81.1,19.5
Tomato,102,161,25.3,40.7,17.6
Buttermilk,220,761.7,42.4,73.5,76.5
Thepla,255,801.9,47.9,73.2,44
Almonds,258,336.1,36.3,48.3,55.3
Rajma,174,74.4,26.2,45.8,57.9
Dosa,265,644.8,22.8,117,58
Chili,77,174.8,12.1,6.6,26.9
Quinoa,44,138.5,4,3.6,11.4
Samosa,206,100.5,8.5,32.4,36.5
Palak Paneer,125,436.5,21,55.9,13
Yogurt,170,525.1,20.2,16.2,22.5
Onion,247,717,26.9,65.3,44.8
Dosa,283,509.1,46,66,56.1
Spinach,160,396.1,13.2,16.8,36.4
Pasta,138,152.1,16.8,14.9,47
Dhokla,244,363.1,34.2,16.6,2.6
Apple,39,47.6,1.4,2.9,13.2
Curry,247,788.3,11.4,46.4,76.4
Thepla,171,398.1,24.8,65.2,36.1
Upma,223,687.5,47.9,47.1,59.9
Jalebi,263,728.1,64.6,63.8,88
Strawberry,121,247.1,3.7,26.5,21.5
Tofu,287,478.2,65.9,50.6,46.2
Broccoli,95,162,7.9,21.8,17
Rajma,247,671.2,20.9,47,70.8
Paneer,252,785.1,22.6,84.1,14.7
Blueberry,57,126.9,1.2,3.7,10.8
Beans,214,669.1,11,74.1,28
Ghee,228,315.4,6.8,38.2,73.6
Peanut Butter,119,222.4,10.9,6.1,40.3
Fish,135,410.7,27.4,36.8,34.4
Almonds,201,109.2,27.3,86.2,56
Cabbage,111,290.6,10.5,22.1,16
Banana,148,441.1,32.1,9.3,16.6
Chole,276,510.9,3.1,100.9,17.2
Mango,251,294.5,50.8,101.5,78.7
Jam,95,185.2,14.2,37.8,10.5
Honey,200,474.7,37.7,70,49
Naan,63,133.9,14.9,7.9,11.1
Matar Paneer,298,669.8,56.7,104.3,35.9
Butter Chicken,254,797.1,55.4,22.2,47.4
Buttermilk,192,382.9,36.6,33.8,40
Lassi,151,229.4,9.1,45.4,14.5
Bread,273,360.3,21.8,119.2,23.4
Chicken Breast,203,392.2,33.2,37.9,32.6
Palak Paneer,152,64.3,1.9,12.3,28.6
Quinoa,153,156.9,4.6,55.9,25.5
Ghee,141,230.5,4.3,58.1,23.5
Shrimp,258,245.9,5.7,92.4,89.6
Cabbage,173,562.2,41.2,44,37.6
Baingan Bharta,133,187.3,21.4,15.3,17.6
Idli,279,753.6,55.5,23.2,3.4
Potato,82,179.4,17.4,28.2,2.6
Naan,195,461.3,23.8,39.7,34.8
Dhokla,107,256.7,8.2,22.3,24
Kadhi,174,476.2,34.7,38.4,45.4
Chili,263,718.5,60.7,23.7,25.1
Lentils,74,88.6,7.3,19.6,3.1
Apple,37,120.8,2.8,11.6,9.1
Vada Pav,70,73,15.1,19.3,20.3
Paneer,53,122.3,8.1,2.7,14
Palak Paneer,213,735.3,32.5,63.1,57.7
Beans,250,200.9,33.8,16.4,37.1
Idli,38,106.4,8.3,8.8,6.1
Lentils,157,281.9,36.9,44.6,25.1
Butter Chicken,111,334.8,10.5,21.2,3
Shrimp,234,784,29,75.8,80.7
Samosa,117,176.9,19,38.6,1.4
Mango,255,184.3,37,17.5,51.1
Dosa,269,408.2,39.9,82.8,32.4
Kheer,209,385.6,22.3,32.2,55
Chia Seeds,162,427,19.5,58.1,7.7
Onion,185,213.3,9.1,37.4,4.6
Dosa,280,657.8,44.3,114.5,51.7
Nuts,217,638.9,8.9,85.4,31.6
Jalebi,234,296.4,31.4,100.4,18.6
Turkey,283,281.1,17,111.5,8.5
Baingan Bharta,249,494.4,22.7,23.8,23.8
Palak Paneer,234,483.6,36.6,45.8,42.3
Eggplant,300,607,5,107.7,26.6
Onion,199,513.2,13.3,82.7,18.3
Chutney,146,236.1,3.6,45.8,8.1
Bread,214,161.4,17.7,46.7,53.2
Peas,289,982.8,22.7,109.3,24.7
Chicken Breast,78,253.7,1.4,22.9,13.5
Quinoa,138,161,31.5,41.5,47.2
Yogurt,126,96.8,24.1,21.1,25.4
Chicken Curry,90,189.4,7.1,34.1,18.8
Tofu,191,361.2,14.7,68.1,46.1
Eggplant,160,369.8,15.1,40.5,37.9
Pav Bhaji,167,526.5,21,10.2,33.7
Broccoli,294,344.3,33.7,91.3,97.9
Shrimp,229,644.3,32.5,80.8,32.9
Naan,88,221.6,21.8,5.7,11
Tandoori Chicken,65,82.4,6.1,7.7,14.7
Sev,183,127.5,22.6,19.8,49.2
Ghee,82,59.4,16.5,35.8,23.9
Cabbage,39,60.4,7.4,5.9,9.5
Cheese,178,410.5,37.7,39.2,31.9
Mushroom,232,185.8,52.5,54.2,57.4
Tandoori Roti,216,492.9,41.5,54.7,27.2
Quinoa,47,86.7,10,17.3,9
Poha,196,430.7,23.4,47.1,33.4
Thepla,243,645.9,28.3,107.3,64.1
Almonds,277,196.5,31,62.1,89.3
Eggplant,236,460.7,23.6,94,56.2
Carrot,174,282.3,4.2,24.6,3.1
Bread,109,81.9,19.2,16.9,29.9
Sambar,195,208.5,6.3,83.8,15.6
Chili,261,532.4,47.3,77.9,52
Tandoori Roti,230,154,10,76.7,12.2
Eggs,139,149.1,8.9,22.2,8
Sev,45,99.6,5.5,5.2,1.9
Tofu,162,153.4,37.6,49.7,39.3
Watermelon,276,268.1,45.5,18,14.9
Pineapple,264,529.2,56,80.6,80.9
Pakora,210,361.2,37.2,80.4,34.4
Khichdi,277,316.1,62.2,20.8,96.1
Fish Curry,268,194.2,62.3,59.7,61.8
Rajma,281,847.6,43.6,110.2,36.6
Coconut,231,428.7,48.6,66.4,19.4
Coconut,89,181.6,21.8,4.5,11.6
Cheese,56,183.7,4.5,23.5,15
Curry,243,639.9,49.9,17.1,52.6
Nuts,286,864.4,60.1,15,25.2
Milk,197,428.5,48.6,44.9,49.1
Watermelon,155,258.2,12.3,41.4,45.4
Pulao,225,428.3,19.4,29.4,41.7
Buttermilk,240,533.3,35.5,88,25.5
Vada Pav,100,321.5,19.4,6.6,32
Puri,104,273,4.8,17.3,5.8
Banana,126,273.2,2.7,33.6,8
Oats,227,124.6,34.8,39,18.1
Watermelon,41,23.7,2.2,12,4.2
Puri,257,789.5,26.2,15.4,84
Pineapple,114,311.7,18.7,41.6,38
Samosa,108,212.9,19.6,29.2,1.5
Roti,101,279.6,18.5,12.9,14.5
Orange,250,398.9,51.2,98.4,71
Thepla,31,103,4.4,4.5,10.8
Poha,230,282.1,11.5,22,32.3
Dhokla,142,362.2,20.3,20.9,44.5
Apple,198,489.4,23.2,11.5,23.3
Carrot,76,235.9,16.9,9.7,9.5
Samosa,51,131.5,1.7,4,5.4
Khichdi,106,121.2,12.3,18.1,19.9
Kadhi,121,323.4,21.2,39,9.7
Eggplant,225,602.7,29.4,96.8,50
Upma,209,673.2,3.1,47.8,15.3
Jalebi,150,400.5,17,25.1,32.3
Fish,250,174.5,10.6,67.7,4.7
Matar Paneer,83,276.1,7.9,32.5,19.2
Poha,160,186.8,4.5,8.6,26.2
Chicken Breast,248,717,39.8,78.1,9.1
Aloo Paratha,239,532.4,38.7,75,69.4
Eggs,245,202.7,34.3,34.2,64.5
Butter Chicken,250,814,20.2,34.3,68.1
Coconut,215,561.3,53.6,35.8,40.1
Papaya,141,117.3,12.8,34.4,40.5
Strawberry,147,267.6,14,31.1,33.5
Almonds,54,44.9,8.5,16.9,2.8
Matar Paneer,47,89.7,1.8,8.8,3.9
Shrimp,43,63.2,6.8,9.5,9
Chutney,190,237.2,33.9,30.6,38.9
Apple,298,620.4,7.2,80.3,85
Buttermilk,166,411.5,6.1,58.8,26.5
Eggs,261,166.9,18.9,30.1,32.2
Jam,115,235.7,14.7,50.4,9.6
Potato,162,499.7,13.4,10.2,54.9
Tandoori Roti,226,707.4,43,43.1,29
Orange,233,379.7,8.8,43.3,13.5
Matar Paneer,234,302.7,31.1,33.9,45.5
Cheese,137,221.2,30.2,30.2,32
Spinach,160,267.9,33,32.6,51.5
Carrot,249,439,39.7,108.6,11.2
Sev,98,79.7,2.7,25.6,27.4
Quinoa,74,47.5,6,4.8,25.1
Halwa,37,51.9,7,3,1.8
Maggi,116,85.9,6.7,14.1,16.9
Broccoli,175,429.4,4.3,45,24
Corn,130,276.2,13.1,41.3,1.4
Poha,286,170.8,30.2,122.1,93
Banana,46,120.6,8.9,9.3,8
Fish,69,123,1.1,28.1,9.4
Maggi,248,500.2,51.4,79,25
Watermelon,87,209.4,20.4,10.8,1.2
Kheer,48,35.3,7.3,6.2,6.5
Peas,160,477.6,28.9,61.1,55.5
Shrimp,287,996.9,49.5,123.6,6
Chicken Curry,73,82.4,12.1,4.6,4.5
Thepla,283,152.3,49.9,71.4,80.8
Upma,53,82.5,10.6,19,15.7
Maggi,297,376.1,68.9,114.1,33.3
Palak Paneer,116,354.6,5.6,14.4,1.8
Chicken Breast,34,27.3,2.8,7.7,2.4
Fish,166,81.8,28,73.6,34.1
Corn,233,657.1,31,33.5,33.7
Shrimp,93,79.2,11.8,29.6,14.9
Naan,137,162,7.3,46.9,6.5
Pasta,76,204,1.2,30.3,16
Samosa,256,139.4,39.5,80.9,33.1
Paneer,298,920.7,48.8,112.2,70.8
Jalebi,274,569.2,3.2,54.5,31.1
Kadhi,190,642.8,22.7,35.6,22.2
Orange,170,340.9,36.4,14.1,8.8
Pineapple,142,419.2,29.1,41.4,37.7
Pakora,95,292.7,3.9,13.1,23.5
Khichdi,217,492.6,5.8,17.1,60.1
Lassi,223,318.4,47.4,42.5,16.9
Rice,217,377.2,3.2,12.8,10
Cabbage,117,108.5,27.9,5.9,4.3
Lentils,48,100.7,9.3,15.4,1.9
Spinach,295,794.4,59,30.4,46.7
Pineapple,153,228.4,28.6,43.2,2.4
Papaya,160,311.6,32.5,62.7,31.3
Fish,104,168.8,23.3,33.4,28.4
Zucchini,181,407.5,16.1,70.2,39.9
Pineapple,117,96.2,3.1,15.1,14.5
Gulab Jamun,273,521.6,14,75,23.8
Naan,282,719,56.7,37.4,88.7
Pakora,229,264.1,29.8,61.1,68.4
Curry,211,574.8,32.7,15.7,71.3
Jalebi,276,285.3,57,102.6,28.3
Mutton Curry,51,45.3,9.6,9.5,3.7
Eggplant,239,751.6,9.5,86,12.8
Blueberry,259,884.4,44.8,42.1,8.8
Bhindi,77,70.4,10,33.7,16.9
Sev,113,276.7,3.4,16.9,34.5
Strawberry,300,387.2,35.1,77.3,29.9
Bread,269,707.1,4.2,115.8,8.2
Nuts,49,118,5.8,10.8,13.1
Dal,222,157.1,50.8,64.3,53.8
Mutton Curry,156,99.6,2.8,59.6,3.4
Cucumber,236,592,50.1,28,78.4
Tandoori Roti,63,36.6,11.9,19.6,11.7
Ghee,98,253.7,6.6,22.3,26.5
Tandoori Chicken,213,323.9,44,49.1,6.8
Rice,149,460.8,17.4,64.8,42.5
Pav Bhaji,48,57.8,1.6,4,3.1
Tomato,64,119.3,4.8,26.2,4.8
Garlic,141,489.4,18.6,56.8,30.9
Bhindi,255,712.1,46,40.7,85.3
Tandoori Chicken,282,204.1,31.2,112.8,19.7
Puri,149,412.8,15.9,27.2,7.9
Quinoa,99,69.3,2.9,40,22.6
Vada Pav,245,199.6,29.5,101.7,26.4
Mango,81,143,5,14.8,11.2
Idli,86,240.8,4.5,22.9,14.6
Peanut Butter,71,156.4,10.7,22.2,9.1
Coconut,206,600.7,14.9,78.7,60.9
Nuts,212,361.7,9.8,21.8,63.5
Tofu,285,560.6,19.1,95,53.9
Bhel Puri,210,349.7,50.5,60.7,54.9
Honey,198,302.8,19.9,15.6,67
Avocado,111,261.8,10.4,10.8,37.5
Cabbage,240,372.6,18.7,48.3,27.4
Chole,185,206.5,5.6,28.2,34.7
Tandoori Chicken,268,239.3,11.3,61.8,90.6
Garlic,233,496.7,25.1,50.8,74.6
Pulao,292,473.5,39.9,71.3,43.8
Avocado,37,96.7,2,14.2,4.8
Beef,79,204.1,16.9,15.4,15.2
Puri,225,465.1,48.8,40.6,58.5
Rajma,151,478.1,35.5,21.1,43.3
Milk,292,128.9,11.5,34.9,93.7
Peanut Butter,102,92.5,2.7,45.3,5.9
Mushroom,289,638.9,39.6,92,42.2
Beef,220,713,6.9,57.7,75.9
Fish,282,753.8,56.8,122.3,6.8
Tandoori Roti,46,23.5,4.5,18.7,11.4
Cucumber,217,607.7,38,92.3,43.9
Samosa,60,76.7,6.8,4,10.9
Tomato,46,93.1,3.1,9.8,15.7
Jam,74,79.6,7.5,7.3,19.5
Vada Pav,164,452.1,40.8,47.9,16
Potato,117,64.8,24,19.4,28.4
Pav Bhaji,115,112.9,4.2,31.8,2.3
Butter,179,228.7,20.1,47.7,61
Almonds,50,76.3,4,18.3,11.6
Jam,300,754.4,48.9,91.6,98.2
Dhokla,76,104.7,18.1,16.7,1.9
Watermelon,272,890.9,18.3,37.1,8.7
Kadhi,116,227.9,13,32.1,22.8
Naan,128,399.9,5.7,49.7,41.6
Kadhi,272,930,3.7,77.9,26
Pulao,69,135.1,6.2,10.7,14.3
Butter Chicken,70,68.7,2.9,24.6,13.5
Khichdi,93,118.8,10,35.4,20.8
Gulab Jamun,190,135.7,9.5,75.2,35.4
Khichdi,111,102.7,19.9,34.5,35.4
Biryani,271,254,41.5,55.3,38.2
Pulao,143,468.6,20.8,30.1,9.1
Biryani,250,560.3,55.6,36.2,83.6
Quinoa,174,280.2,31.3,9.5,48.8
Avocado,129,105.5,19.6,37.1,36
Pakora,127,188.1,31.1,25.6,5
Beef,292,1003.9,23.1,96.6,101.9
Upma,150,71.1,37,30.6,3.9
Puri,132,252.2,28,47.4,17.9
Blueberry,221,337,33.3,35.1,44.5
Eggplant,232,482.1,36.4,97,37.7
Peas,223,343,50.1,87.6,64.1
Maggi,209,236.7,44.6,14.1,21.6
Cucumber,162,460.8,29.6,59.3,32.1
Coconut,56,127.6,10.1,17.9,5.6
Yogurt,42,107.2,2.2,5.4,13.5
Gulab Jamun,273,759.9,39.4,96.1,72
Roti,245,234.4,49.4,30.5,3
Papaya,149,459.7,13,11.7,9.8
Papaya,250,491.5,35.2,13.9,57.9
Avocado,178,336.2,8.2,78.9,56.3
Kadhi,262,375.9,45,36.9,26.6
Naan,104,345,16.2,31.4,5.8
Garlic,114,107.9,12.8,31.6,24.3
Avocado,197,358.7,6.7,40.7,23.7
Eggplant,189,474.5,37.4,42.7,39.3
Baingan Bharta,282,683.7,23.3,61.6,12
Tandoori Roti,133,218.3,29.8,50,23.3
Zucchini,240,499.8,44.5,37.8,63.7
Paneer,43,144.2,2.6,11.7,12.1
Pineapple,191,496.8,19.5,41.2,63.9
Dhokla,223,468.4,8.9,62.3,16.8
Butter Chicken,231,212.3,40.4,19.7,68.7
Turkey,180,587.5,26.6,23.1,16
Roti,246,306.2,48.1,42.8,79.2
Chutney,255,163.1,29.2,73,87.8
Banana,95,234.8,12.9,4.8,13.3
Cheese,163,184.7,6.1,52.9,41.4
Apple,34,102.7,6.8,3.8,5.7
Avocado,212,421.4,50.3,51.1,2.8
Poha,298,844.4,58.3,48,42.4
Carrot,240,111.9,15,46.8,25.7
Chia Seeds,238,483.4,14.5,14.8,57.2
Samosa,264,796.8,29.4,31.6,4.3
Carrot,290,210.6,51.8,24.7,80.4
Papaya,254,369.6,31.8,30.2,78.7
Milk,191,553.5,11.6,30.4,11.5
Fish,32,53.5,7.6,6.6,3.5
Almonds,154,65.6,10,21.5,33.7
Cheese,179,618.2,35.2,70.7,54.7
Rice,95,203.2,12.1,24.1,28.9
Kheer,169,113,25.5,72.5,40.5
Pineapple,206,211.1,34.6,41.4,52.7
Mutton Curry,93,60,19.2,25.6,12.1
Eggplant,45,126.1,1.8,2.8,5.8
Jam,204,81.8,20.3,91.4,13.9
Peas,138,155.9,2.7,18.5,8
Corn,163,144.4,6.5,45.5,5.6
Puri,193,90.4,14.1,63.3,15.8
Poha,151,240.1,5.5,64.9,40.1
Olive Oil,245,238.9,48.1,64.7,71.9
Jalebi,239,666.6,18.2,85.9,54.9
Cucumber,116,76.3,2.4,21,19.1
Cucumber,61,183,3.6,21.4,5.7
Quinoa,299,366.8,71,22.1,64
Eggs,158,328.7,35.8,69.8,4.5
Sambar,255,290.7,41.3,21.1,58.1
Bread,95,210,16.4,9.3,2.8
Jalebi,261,732.2,20.2,37.9,66.5
Corn,267,385.2,56.9,52.1,78.3
Tofu,72,239.3,15.3,27.9,16.8
Cabbage,63,140.7,10.4,17.9,1.7
Baingan Bharta,280,674.8,29.3,24.5,35.4
Butter,255,467.3,29.4,78.5,27.1
Olive Oil,205,207.8,24.5,31.8,51
Tandoori Roti,251,406.1,55.4,20.4,19.1
Cheese,196,420.6,33.4,80.1,67.2
Garlic,191,333.4,36.8,10.8,14.2
Rajma,211,489.4,2.3,62.9,55.2
Chili,104,119,15.6,42,5.9
Sev,125,364.3,8.5,11.6,9.1
Chole,247,558.3,24.2,106.9,60.4
Dosa,175,441.1,38.5,16.6,48.7
Pineapple,180,317.5,19.2,79.2,6.5
Dhokla,281,698.3,67,79.6,7.3
Palak Paneer,168,227.7,18.3,73.3,15.9
Fish Curry,197,198.4,35.9,33.7,40.2
Mango,144,404.2,18.1,38.7,49.2
Blueberry,182,248.6,38.6,20.4,37
Turkey,281,143.3,69.6,39.2,27
Mutton Curry,259,167.8,56,36.9,33.1
Cucumber,225,558.5,24.9,14.9,51.4
Chicken Breast,163,382.9,34.2,42.4,4.3
Pav Bhaji,97,45.5,3.8,14.5,22.9
Jam,151,99.2,18.3,58.5,42.4
Rajma,84,151.6,16.5,9,8.3
Rice,105,277.4,19.7,25.1,12.1
Dosa,134,377.8,22.4,35.8,3.1
Almonds,35,40.1,2.5,10.2,7.2
Rajma,175,433.7,34.3,51.8,8.1
Corn,137,427,29.6,17.3,40.8
Oats,234,214.7,25.5,30.8,30.7
Rajma,290,128.2,67.1,84.8,65
Bhel Puri,112,115.2,13,44.8,27.7
Aloo Paratha,50,90.6,9.6,7,2.4
Puri,148,242.5,18.7,22,20.5
Watermelon,233,562.7,33.8,68.6,13.3
Butter Chicken,287,584.5,57.9,72.3,88.5
Cucumber,227,562.5,50.6,43.3,61.4
Pineapple,184,432.6,23.9,10.4,43.2
Honey,136,238.5,18.4,49.8,5.6
Butter Chicken,110,169.4,5.7,44.6,3.8
Shrimp,143,200.7,28.4,12.6,39.3
Chicken Curry,215,413.7,33.2,62,71.4
Pasta,200,249.6,19.2,52.4,48.4
Khichdi,54,28.6,6,8.3,8.2
Gulab Jamun,170,248.8,24.6,45,25.5
Zucchini,226,135.7,30.4,41.6,28.2
Eggplant,132,402.5,25.1,12.3,21.2
Lassi,119,99.6,17.4,30,38.8
Kadhi,289,585.1,34.7,47.1,96.2
Watermelon,255,881.7,40.2,113.8,76.2
Bhindi,133,203.4,14.5,50.8,43.3
Buttermilk,247,573.3,20.9,89.3,18.7
Bread,78,256.8,7.9,17.2,22.4
Oats,148,143.9,20.3,9.8,19.9
Cheese,207,593.1,16.4,39.2,29.1
Halwa,69,178.6,13,8,1.5
Onion,245,836.2,33.2,35.8,72.8
Puri,164,217.8,32.6,13.4,15.7
Strawberry,67,200.4,8.6,5.7,16.7
Jalebi,224,453.6,55.7,50.2,59.1
Chicken Curry,114,393.1,25.7,8,31.1
Lentils,85,128.4,13.6,11.1,29
Thepla,91,209.2,15.9,34.3,15.6
Coconut,218,605.9,44.9,34.4,49.6
Thepla,169,433.2,6.2,63.5,52
Cucumber,50,152.7,4.6,14.8,3.1
Cucumber,205,115.8,44.3,51,16.7
Naan,285,857.2,46.9,115.8,29.9
Garlic,281,306.9,54.6,117.3,54.5
Watermelon,243,481.9,3.2,13.3,37.1
Dosa,55,78,3.3,22.3,12.1
Eggs,66,167.6,10.2,26,16.8
Cucumber,51,138.3,7.2,6.4,2.4
Chia Seeds,286,500.9,43.5,125.2,12.4
Dosa,171,529,36.6,10.8,9.5
Pakora,300,521,14.5,111.9,5.7
Broccoli,222,727.3,53.5,92,29.4
Rajma,114,256.8,15.5,8.5,9
Cheese,48,32,7.2,19.9,7.9
Rajma,48,82.2,11.9,9.4,10.3
Chole,218,606.2,7.8,64.4,66.4
Broccoli,277,506.6,30.8,114,58.4
Carrot,143,264.4,24.4,8.2,12.9
Coconut,223,160.9,7.5,85.5,39.6
Jalebi,212,595.9,29.4,81.1,63.6
Spinach,153,202.2,26.8,27.8,40.3
Tandoori Chicken,247,841.4,28.1,76.6,84.4
Pav Bhaji,140,77.5,23.9,16.5,33.1
Dal,200,475.4,3.1,20.7,44.7
Biryani,123,296.1,12.9,39.6,14.7
Lassi,165,184,9.6,23.8,27.5
Papaya,36,62.7,7.2,14.5,4
Lentils,31,72.1,2.3,10.7,1.2
Tandoori Roti,211,457,49.1,56.7,38.2
Beef,215,364.6,27.9,72.9,71.1
Sev,246,229.2,6.4,63.8,10.8
Spinach,57,105.6,10.7,23.8,5.2
Puri,235,373.5,36.3,72.7,40.3
Mango,66,182.6,10.2,4.8,7.4
Naan,133,460.5,25.3,26.3,35.7
Mango,44,76.9,1.8,13.2,3.3
Idli,93,180.8,19,35.1,31.9
Pakora,262,620.3,20.9,46.8,56.4
Lentils,116,122,11.9,24.3,33.5
Garlic,290,678.7,24.8,127.5,40.7
Pasta,82,133.2,12.1,23.7,25.2
Cheese,114,353.9,17.1,47.1,20.9
Butter,250,385.1,23.5,95.4,35.9
Garlic,207,211.3,27,39.3,11.8
Chili,47,70.2,9.6,9.7,8.5
Sambar,296,122.8,13,49.8,37.1
Zucchini,154,63.6,25.7,9.8,50.9
Chicken Curry,31,30.9,0.8,13.7,2
Tofu,120,249.7,3.6,48.4,40.9
Puri,252,199.4,5.4,44.2,26
Lassi,226,501.4,12,96.2,28.8
Dal,105,132.3,1.7,23.6,20.2
Ghee,97,299.9,2.7,18.6,3.5
Carrot,52,110.9,3.5,15.8,5.1
Tandoori Chicken,183,149.8,44.2,80.1,43.3
Watermelon,80,266.1,19.3,22.8,6.1
Banana,87,43.9,17.1,35.9,15.4
Mutton Curry,184,481.3,12.7,34.1,48.6
Cabbage,188,575.3,38.5,32.9,26.7
Avocado,173,157.8,10.3,48.6,20.9
Yogurt,122,288.1,2.3,18.3,33.8
Chicken Curry,159,541.1,18.4,34.5,19.4
Watermelon,164,132.8,11,37,35.5
Olive Oil,106,234.6,3.1,15.5,33.8
Lentils,89,258,21.5,23.6,4.3
Cucumber,263,571.1,10.5,117.5,5.3
Apple,33,82.6,5.7,3.2,8.6
Roti,191,529.4,38.1,70.6,53.5
Milk,193,531.8,5.2,11.1,2.9
Yogurt,138,102.2,1.5,42.3,28.7
Paneer,258,712.4,48.2,62.6,41.9
Curry,33,70.3,6.9,9.1,11
Quinoa,232,543.8,15.2,91.7,51.6
Eggplant,206,458,17.8,40.8,22.9
Jam,132,359.5,12.7,27.2,23.3
Baingan Bharta,137,368,7,29.2,9.9
Pasta,42,124.6,8.1,3.7,3.6
Avocado,172,397.2,8.1,67.6,9.5
Zucchini,115,382.2,2.2,24.5,7.7
Kheer,210,196.5,43.4,23.4,57.8
Coconut,242,229,34.4,95.1,45.2
Banana,293,600.1,48.2,68.6,63.1
Ghee,210,543.4,2.7,27.5,54.5
Pineapple,105,241.4,12,31.3,11.6
Mushroom,278,296.1,53.4,116.5,5.7
Avocado,146,427.6,26.5,49.5,18.2
Zucchini,203,440,44.4,83.6,5.9
Khichdi,177,368.7,24.5,22.3,22.4
Palak Paneer,260,707.2,47.6,67.8,60.5
Butter Chicken,192,622.4,34.4,55.7,8.5
Kheer,119,136.5,27.7,18,33
Garlic,62,136.7,10.8,4.1,20.4
Sev,106,67.4,16.2,34.8,7.2
Mushroom,167,202.8,21.3,42.3,23.1
Sambar,182,215,18.1,72.9,29.7
Curry,59,109.5,13,12.1,17.2
Halwa,112,305.7,15.6,23.6,25.1
Corn,140,383.7,21.4,18.2,25.3
Khichdi,154,346.5,3.8,37,39.5
Chicken Curry,276,305.2,12.4,121.5,5.7
Chili,164,188.5,14.5,25.7,47
Blueberry,221,238.9,25.5,44,64.8
Ghee,185,211.6,7.2,26.6,13.6
Curry,149,459.7,6.3,66.5,42.8
Garlic,155,405.7,37.3,63.6,27.4
Bread,151,438.8,15.6,55.8,27.5
Aloo Paratha,241,803.2,59.1,30.9,51.6
Biryani,43,62,5.6,11.8,8.5
Garlic,119,273.3,25,43,40.5
Maggi,215,717.5,34.9,63,4.6
Maggi,283,232.3,41.2,126.4,52.8
Chicken Curry,101,130.7,20.2,30.2,30.6
Biryani,152,498.2,35.2,64,40.6
Paneer,230,162.6,30.3,48.6,14.7
Pineapple,278,658.2,33.2,96.1,27
Dhokla,150,202.1,24.2,28.9,3.5
Cucumber,161,529.8,35.8,43.9,21.8
Potato,105,225.8,9.3,46.2,11.7
Baingan Bharta,171,455.5,20.4,69.1,27.7
Jalebi,212,414.3,35.9,46.5,11.9
Eggs,51,88.9,9.6,22.7,8.6
Poha,244,785.7,46,24.3,71.3
Chutney,291,710.2,25.7,69.3,36.6
Pasta,127,93.8,22.1,46.7,31
Maggi,231,316.9,46.5,17.2,79.2
Palak Paneer,241,334.1,24.5,96.7,65
Palak Paneer,160,229.8,37.7,55.9,43
Bhel Puri,266,131.3,58.6,112,26.5
Garlic,214,412.5,25.8,71.6,46
Peanut Butter,94,70.1,7.6,29.1,17.9
Honey,181,174.2,20.4,78.9,27.4
Curry,101,179.3,15,15.7,25.1
Avocado,117,381.2,11.4,33.3,36
Fish,185,576.9,45.1,22.6,8.7
Jam,139,481.6,4.1,21.3,36.2
Chole,139,185.8,29.1,14.8,27
Thepla,230,467.4,4.4,44.9,65.7
Jalebi,185,626.9,14.9,11.1,18.2
Garlic,34,73.5,2.3,10,3.2
Sambar,292,907.1,56.6,94.8,10.7
Pulao,194,264.8,14.6,82.8,20.7
Carrot,37,63.3,5.6,9.4,2.5
Poha,175,571,27.4,20.5,41
Mushroom,108,221.1,21.4,42.9,11
Pulao,273,292.3,44.7,24,46.5
Pulao,151,518.5,13.4,59.3,11.4
Blueberry,298,152.7,14.9,83.2,14.6
Puri,201,131.7,7,20.5,33.3
Potato,234,640.2,32.7,96.1,17.1
Onion,136,118.1,28.8,12.9,1.6
Apple,103,281.9,15,32.5,2.4
Mutton Curry,264,543.1,36.3,66.3,2.6
Apple,143,365.3,15.4,23.4,7.1
Turkey,267,597.5,28.2,104.1,66.3
Banana,61,169.6,8.1,8.1,13
Naan,55,162.2,2,15.3,5.3
Carrot,162,202.3,36.4,66.6,47.2
Honey,260,721.6,39.5,82.3,22.9
Avocado,278,691.8,28.4,37.5,21
Onion,214,647.3,24.3,47.7,53.6
Onion,213,592.4,36,74.1,36.5
Peanut Butter,39,125,7.4,8.4,10.9
Cucumber,193,596.3,9.1,30.7,65.3
Nuts,218,640,37.1,95.7,16.2
Peanut Butter,147,414.1,7.9,41,24
Kadhi,285,557.1,24.7,107.4,45.9
Cheese,64,36,2.3,18.9,10.5
Khichdi,172,429.7,20.9,31.1,5.5
Bread,96,222.3,16.3,25.2,24.4
Gulab Jamun,250,688.9,16.9,67.8,73.3
Potato,228,610.9,20.2,96.5,75.8
Beans,243,487.5,13.5,14.2,8.3
Bread,71,73.2,13.6,16.9,4.9
Dosa,72,81.2,17.1,26.3,8
Sambar,258,842.4,15,73,69.7
Pakora,198,277.1,41.9,48.7,55.4
Baingan Bharta,193,175.2,14.6,39,63.7
Tofu,134,120.9,7.3,25.9,11.9
Broccoli,66,149.8,6.7,3.8,2.6
Paneer,143,253.6,18.1,34,47.2
Beans,199,627.8,16.5,83.4,2.4
Butter,223,402.7,6,95.4,40.7
Khichdi,293,1018,36.2,41.7,22.9
Buttermilk,300,353.1,52,31,4.6
Curry,76,189.1,12.7,17.9,3.9
Coconut,221,132.3,19.8,24,41.1
Pakora,168,213.2,7.7,29.3,32.7
Baingan Bharta,291,731.8,68.7,45.8,99.4
Poha,118,221.1,17.8,32.9,31
Tomato,249,818.1,34.6,77.8,68.6
Dhokla,200,265.9,28.1,35.9,2.5
Beef,31,51.2,5.9,7.1,3.6
Tandoori Chicken,59,200.8,2.5,12.4,17.2
Khichdi,256,122.7,17.2,12.8,41
Khichdi,33,115.2,5.1,8.2,11.1
Peanut Butter,245,635.7,9.9,82.4,6.1
Idli,208,491.1,12.1,39.9,44.4
Tomato,193,271.6,46.8,13.7,39.9
Honey,268,830.3,4.1,79.5,28.7
Baingan Bharta,282,175.9,64,40.9,64.8
Matar Paneer,286,655.1,64.8,46.6,54.8
Corn,217,275.1,50.7,51.5,53.8
Onion,61,185.1,2.7,25.2,20.2
Tandoori Chicken,157,389.9,33.9,11.1,18.7
Yogurt,281,283.3,56.3,21.4,18.9
Chia Seeds,281,556.4,25.2,112.9,37.1
Oats,185,154.9,19.8,31.4,52.7
Matar Paneer,67,106.6,4.5,4.1,21
Fish Curry,101,202.9,14.3,16.4,6.9
Upma,37,23.1,4.2,6.6,1.6
Pav Bhaji,135,182.5,27.9,8.3,38.7
Bread,253,780.8,33.6,77.5,40.6
Thepla,295,297.3,21,89.1,19.1
Tandoori Chicken,247,475.4,43.8,46.8,45.7
Butter Chicken,257,842.8,23.5,107.6,7.8
Jam,268,759.4,47.9,50.3,75.4
Fish Curry,54,169.5,10.4,20.8,14.5
Baingan Bharta,199,569.9,12,63.2,55.5
Chutney,245,723.5,55.6,48.4,39.8
Ghee,68,108.9,8.4,14.9,10.1
Mango,60,173.3,6.4,20.1,17
Tofu,104,72.1,25,27.1,17.6
Baingan Bharta,298,144.7,40.7,77.8,32.9
Aloo Paratha,293,483.2,37.6,55,37.1
Samosa,181,240.6,11.8,21,6.4
Mutton Curry,261,631,45.6,73.8,50.2
Mango,97,332.6,5.1,16.1,21.7
Roti,138,385.4,14.2,27.8,2.2
Palak Paneer,256,790.8,13.4,92.1,32.2
Fish Curry,278,704.8,43.6,65.8,39.7
Cabbage,293,750.7,44.9,95.9,16.6
Turkey,124,58.6,3.6,32.1,7.5
Buttermilk,280,408.6,39.1,83.8,15.7
Upma,71,62.7,6.9,28.1,15.1
Dosa,116,95.2,23.5,29.8,16.9
Strawberry,258,674,53.3,55.7,15.6
Pakora,184,136.7,24.6,55.5,9.1
Rice,92,225.2,13.2,22.9,17.9
Paneer,91,156.1,9.7,40.2,13
Apple,54,156,4.3,21.1,18.8
Pineapple,166,560.8,20.9,23.7,24.3
Jam,136,441.7,11.2,10.3,47.5
Papaya,74,130.7,8.4,10.7,6.6
Dal,110,152.3,4,11.7,33
Milk,275,701.3,8.7,73.9,90.6
Khichdi,73,241,14.4,6.1,6
Sev,292,633.3,62.8,123.4,20.4
Pav Bhaji,257,277.3,59.3,96.3,45.7
Oats,112,50.8,25.6,18.6,19.8
Paneer,126,137.2,17.6,15.6,41.2
Mango,92,194.4,7.4,15,18.2
Pav Bhaji,140,457,14.4,39,45.4
Beans,127,53.6,18.1,49.3,5.1
Avocado,81,157.8,13.7,24.3,3
Sev,57,67.4,2,3.7,0.7
Yogurt,151,453.7,33.5,57.5,15
Lentils,175,126.2,11.7,77,27.4
Peas,122,111.3,10.4,21.9,11
Khichdi,231,503.1,10.4,18.6,68.6
Chicken Breast,282,554.7,52.2,35.2,69.9
Spinach,133,53.7,9.9,53.9,44.1
Butter Chicken,38,95.7,4.6,6.6,10.4
Broccoli,38,23,3.1,17.1,4.1
Jalebi,207,595.6,33.4,64.3,39.4
Lassi,71,223.3,6.8,27.6,19
Bhel Puri,56,89.4,11.7,11.2,4.9
Mango,288,137.6,16.6,33.6,88.7
Onion,110,94,1.4,37.4,14.9
Peas,121,71.3,5.2,31.8,36.1
Beef,137,118.9,4.2,51,6.8
Gulab Jamun,286,940,3.9,78.1,93.5
Spinach,259,410.5,9,34,61.8
Palak Paneer,136,338.2,1.5,23.5,9.7
Pav Bhaji,252,353.4,37.2,26.2,57.1
Dal,277,422.8,18.8,75.1,15.7
Lentils,222,419.5,11.3,32.9,72.2
Kadhi,235,249.4,28.8,18.7,67.7
Rajma,137,305.2,3.8,9.6,30.6
Pulao,73,250.8,16.3,7.2,11
Turkey,211,321.2,41.3,66,73.6
Beef,260,750.8,30.9,41.4,86.6
Coconut,125,56.3,9,51.8,31.8
Curry,213,297.8,27.7,72.7,49.7
Broccoli,49,124.9,3.9,18.1,15.3
Pav Bhaji,105,363.2,13.1,19.9,4.8
Eggs,236,698,5.5,28.4,73.6
Chili,96,173.5,15.5,15.5,19.1
Eggs,298,739.5,28.9,35.7,32.1
Onion,213,723.9,6.5,15,52
Fish Curry,253,634.1,19.7,108.9,17.5
Watermelon,146,445.6,32.5,57.9,43.9
Blueberry,249,728.1,9.8,26.3,53.8
Kheer,113,131.8,4.2,6.1,39
Tandoori Chicken,148,279.9,20.6,44.2,40.3
Vada Pav,46,49.6,2.6,16.2,8.9
Gulab Jamun,222,739.4,51.6,93.8,34.3
Fish Curry,156,109.6,10.2,48.6,6.6
Kadhi,111,360.9,11.2,21.8,13.1
Chicken Curry,137,476.6,5.8,9.3,13.2
Sambar,298,584.6,52.6,30.3,14
Mushroom,277,550.5,28.3,79.3,55.9
Sev,146,61,12.9,25.1,4.9
Chicken Breast,157,521.7,19.2,10,27.3
Kheer,30,81.7,5.3,6.3,5.9
Banana,257,533.3,16.6,114.3,55.1
Banana,148,75.3,28.3,48.7,3.2
Zucchini,192,528.5,34.7,34.9,31.3
Sambar,243,735.9,10,101.5,41
Idli,137,454.9,1.4,10.3,35
Maggi,202,82,4.7,46.2,6.9
Biryani,202,462.8,23.4,17.9,39.4
Cheese,81,81.8,1.4,17.3,20.9
Jam,82,180.8,11.6,15.6,26.9
Peanut Butter,48,89.4,1.5,8.6,10.5
Chole,252,491.1,18.9,78.6,20.1
Matar Paneer,203,214.2,3.2,47.5,5.4
Eggplant,162,76.6,25.3,19.8,9.3
Chutney,211,99.1,28.7,79.9,40.7
Buttermilk,244,653.4,43.5,51.4,2.6
Upma,176,486.7,19.6,9.5,28.8
Pasta,160,244.3,5.9,35.8,18.1
Curry,71,196.5,6.2,19.4,22.2
Samosa,54,28.9,11.7,3.1,1.3
Strawberry,133,320.6,17.8,54,21.3
Avocado,109,72,24.3,38.5,24.1
Baingan Bharta,125,196.5,23.1,14.8,5
Mushroom,94,109.8,3,23.5,24.2
Chicken Breast,195,472,24,86.3,16.3
Pav Bhaji,165,353.6,6.3,66.7,5
Carrot,221,714.3,49.3,81.8,23.3
Beef,103,188.1,20.5,29.1,1.8
Bread,157,236.2,8,51,3.6
Buttermilk,253,821.2,63.1,78.5,55.5
Potato,92,184.8,3,23.8,2.5
Biryani,101,125,9.1,22.9,19
Tandoori Roti,160,447,31.2,34.1,15.4
Dhokla,161,266.4,10.6,71.7,54.7
Strawberry,223,223.5,2.4,14.2,53.5
Baingan Bharta,50,112.6,12.2,12.3,3.5
Puri,148,402.3,23.1,15.9,47.6
Butter Chicken,217,138.4,25.5,93.8,56.4
Quinoa,204,365.6,8,33,6.4
Idli,300,848.4,15.4,16.9,55.5
Blueberry,45,93.9,4.4,16.9,8
Rice,81,160.8,9.7,15.8,9.3
Kadhi,263,476.8,63,117.7,4.2
Dhokla,182,87.9,14.9,39.4,33.9
Halwa,148,499.8,25.8,39.2,43.2
Naan,232,703,13.1,28.3,39.1
Fish,185,595.3,39.8,67.7,25.1
Onion,193,376.4,6.4,68.7,55
Dal,198,577.6,33.4,65.7,49.3
Bhindi,184,362.7,41.3,63.7,62.7
Papaya,41,112.9,7.8,9.1,14.2
Tandoori Chicken,193,141.8,13.3,32.5,66.5
Butter,290,361.3,62,50,87.1
Biryani,90,76.9,1.1,37.8,20.4
Avocado,266,693.2,55,24.6,58.7
Papaya,101,172.1,18.6,7.8,12.5
Shrimp,57,85.7,4.4,8.4,4.7
Dal,94,156.1,5.1,36.2,32
Banana,176,603.9,17.7,20.2,43.2
Tandoori Roti,164,265.3,19.8,18,32.4
Peas,286,400,3.8,121.1,70.7
Bread,40,65.6,10,14.7,4.7
Lentils,251,164.8,37.6,43,17.7
Aloo Paratha,229,526.9,47.7,34.3,36.7
Pav Bhaji,98,47.6,8.3,32.1,20.7
Blueberry,149,370.8,32.8,26.4,44.7
Corn,84,36.2,12.3,27.7,21.8
Chutney,96,75.1,23,39,28.9
Papaya,177,263.5,27.4,9.6,38.6
Avocado,269,654.9,51.3,102.9,10.3
Matar Paneer,250,648.9,57.9,83.4,12.9
Gulab Jamun,146,259.5,5.7,38.6,25.6
Olive Oil,45,134.9,10,19.3,4.2
Cheese,63,174.1,8.4,7,13.6
Strawberry,282,967.7,28.2,42.7,20.4
Bhel Puri,266,541.4,49.2,95.3,90.1
Pineapple,167,289.9,1.8,34.2,53.9
Matar Paneer,182,524.8,32.9,38.6,41
Bhindi,268,887,10.1,63.4,58.6
Khichdi,236,302,55.7,103.1,82.5
Turkey,81,260.2,14.2,22.4,2.3
Blueberry,161,114.8,35.9,16.9,17
Cheese,32,101.6,1.4,4.1,8.7
Mango,162,252,2.7,62.3,49
Bhindi,267,543.8,60.7,64.4,58.3
Maggi,56,128.1,10.5,9.3,15.3
Chutney,50,146.1,1.8,12.9,3.4
Baingan Bharta,133,270.1,13.3,8.7,37.9
Lentils,48,103.3,10.8,14.7,6.3
Palak Paneer,60,192.8,13.8,17.8,10.9
Chicken Breast,148,417.6,17.8,59.5,15.9
Sambar,240,749.2,18.9,66.3,68.6
Peas,54,147.6,4.4,21.6,8.9
Sev,60,172.4,11.2,22.2,13.7
Zucchini,209,246.6,20.1,51.9,30.7
Broccoli,193,429.7,25.2,42.8,19
Ghee,196,91.1,47.1,70.8,35.9
Beef,95,86.1,8.1,22,20.7
Palak Paneer,139,392.6,22.2,51.5,37.7
Rajma,290,348.4,8.3,105.8,70.8
Pineapple,286,801.3,7.2,15.3,35.4
Samosa,293,304,20.8,116.3,44.3
Papaya,40,90.3,9.3,15.5,5.1
Fish Curry,56,73.2,3.2,9.2,14.1
Eggplant,53,92.9,3.9,14.8,5
Oats,186,450.1,9.5,52.4,61.2
Thepla,271,200.2,44.2,44.3,18.5
Dal,60,137.4,5.1,14.6,19
Beans,246,611.1,36.7,15.6,78.9
Mango,282,512.3,53.2,37.7,78.7
Tandoori Chicken,96,262,4.4,30.5,24.2
Kheer,151,389.2,20.5,39.4,8.3
Matar Paneer,193,522.9,22.5,19.7,24.9
Pakora,153,469.9,18.5,68.7,45.4
Thepla,127,359.4,12.4,16.5,23.5
Bhindi,63,125.7,1.9,11.8,3.5
Butter Chicken,259,333.1,15.7,70.5,88.3
Banana,51,54.1,7.6,20.8,7.4
Watermelon,299,278.6,53.1,87.6,23.5
Chili,277,851.5,31.5,101.7,33.6
Chole,151,404,24.7,18,22
Pineapple,175,500.8,30.7,26.7,3.6
Vada Pav,224,479.8,27.9,74.4,35.5
Puri,177,119.8,13.5,77.2,41.7
Avocado,138,151,32.2,43.8,2.9
Pulao,66,29.2,10.4,11.9,19
Jalebi,68,110.4,6.6,15.4,8.7
Halwa,272,174,42.3,93.2,35.5
Corn,36,85.8,0.4,4.7,7
Mushroom,33,62.9,1,10.8,6
Potato,33,75.8,3.1,4.6,5.6
Idli,90,264.8,21.1,38.1,25.9
Rice,253,881.7,16.6,18.1,60
Beef,34,81,7.9,2.9,0.6
Chili,119,240.5,14.9,11.2,29.6
Pulao,223,186.5,6.7,79.7,72.6
Puri,238,727.5,27.7,37.6,58.6
Tandoori Chicken,178,239.4,38.4,40.2,46
Coconut,254,305.4,54.3,111.4,87.3
Orange,59,153.2,7.9,3.8,5.4
Ghee,78,222.7,16.3,16.6,25.1
Banana,175,476.2,5.3,59.4,49.8
Tomato,274,228.3,24.7,118,39.5
Lassi,171,420.8,5.2,59.1,4.9
Spinach,180,404.9,35.7,80.5,20.2
Beef,46,38.6,8.9,12.4,7.6
Honey,254,131.9,12.4,77,86.8
Sev,252,494.8,51.6,85.7,28.9
Kadhi,188,277,38.8,21.5,61.2
Bhindi,71,245.4,3.7,7.6,11.6
Shrimp,112,111.2,26.6,35.1,6.2
Potato,182,434.7,9.6,55.9,53.8
Coconut,112,324.9,11.3,46.3,2
Rajma,33,36.5,4.2,12.7,8.4
Chicken Curry,116,358.8,11.5,18.4,14.9
Chole,170,85.1,31.4,10.3,44.6
Pineapple,42,96.2,6.5,15.3,11.1
Blueberry,166,334.7,41.5,16.9,28.5
Pav Bhaji,108,335,11.6,24.7,20.2
Tandoori Chicken,187,297.3,2.5,74.4,24.5
Pakora,91,279,2.6,40.7,22
Tandoori Roti,230,240.4,48.9,35,14.4
Mushroom,109,185.5,16.1,14.7,37.7
Mushroom,191,410.5,8.4,44.1,65.5
Maggi,275,774.4,63.7,71.4,57.6
Spinach,231,372.5,39.4,15.6,31.8
Lentils,60,189.4,11.9,26.1,16.1
Turkey,106,289.6,23.3,38.2,23.2
Eggs,204,291.9,40.9,20,45.6
Pasta,72,225.5,15.1,22.2,1.2
Carrot,33,53.3,3.9,1.8,10.6
Tandoori Chicken,131,68.6,17.2,31.1,14.2
Bread,94,244.9,21.7,24.8,3.2
Chia Seeds,161,383.6,14,40.6,25.7
Garlic,94,136.2,17.4,42.3,3.9
Aloo Paratha,42,29.2,8.2,17,8.7
Sev,217,572.3,37.8,59.7,21.8
Honey,214,164.7,14.2,62.1,57.9
Bhel Puri,298,491.7,61.4,86.4,26
Cucumber,125,60.9,10.6,14.1,23.1
Bhindi,244,490.9,2.7,23.2,41.8
Nuts,240,822.7,3.2,31.6,73.9
Jalebi,241,757.7,39.6,71.6,67.8
Beans,44,87.2,6.6,11.5,2
Puri,273,114.6,59.9,87.8,88.2
Samosa,44,79.3,0.7,14.1,11.9
Garlic,224,768.4,46.8,85.2,32.4
Pakora,262,535.2,28.2,61.1,39.3
Chutney,198,389,44.4,82.4,25.8
Chicken Breast,34,47,6.1,4.7,2.6
Palak Paneer,282,559.4,52.7,63.2,63.2
Oats,171,220.3,16.6,36.5,28.1
Chicken Breast,103,149.4,24,18,21.3
Pakora,146,110.1,13.8,29.3,11.2
Mushroom,177,520.6,20.4,70.8,40.3
Aloo Paratha,109,146.1,19.3,45.8,25.2
Baingan Bharta,113,299.9,13.9,11.6,20.5
Sambar,111,382.5,17.4,16.1,33.4
Coconut,75,71,10.9,25.7,3.4
Quinoa,75,129.6,5.3,19,23.7
Idli,91,282.7,8.5,23.1,19.9
Jam,151,380.3,31.2,30.9,43.7
Naan,124,194,28.6,43.2,19.3
Rice,69,160.8,15.9,27.9,7.8
Oats,129,368.2,5.7,23.2,24.9
Beef,106,254.2,20.8,41.9,6.7
Broccoli,197,560.1,30.4,78.4,25.9
Dal,190,512.5,28.1,15.5,34.8
Pasta,217,478.8,9.2,73.4,11.3
Broccoli,293,511.5,19.7,88.7,80.7
Sambar,221,664.8,3.8,48.5,32.6
Dal,271,430.7,34.7,21.2,17.9
Mushroom,217,181,35,26.9,24
Papaya,87,153,15.6,16.7,9.6
Tandoori Roti,51,66.1,7.4,8.8,3.5
Oats,175,211.2,17.7,64.8,19.4
Zucchini,263,912,8.9,108.7,28.5
Curry,199,205,48,71,51.7
Peanut Butter,156,294.7,38.6,69.1,43.8
Halwa,262,426,28.6,87.9,32.7
Tofu,279,778.1,37.4,111.9,90.4
Chili,81,95,11.8,13.2,24.2
Broccoli,178,448.1,37.1,14.6,33.4
Maggi,42,112.2,4.9,8.5,7
Turkey,119,92.7,17.7,47.1,39.2
Chia Seeds,78,44.9,1.3,12,18.1
Corn,226,550.5,54.6,85.7,62.3
Pakora,123,299.5,13.5,41.9,25.2
Tomato,76,237.4,12.2,27.9,6.4
Lassi,41,129.7,1.3,2.6,7.9
Dhokla,182,489.1,35.1,46.4,57.6
Poha,163,89.7,36.2,65.1,39.7
Pav Bhaji,105,215.2,14.8,33.8,2.3
Jalebi,50,32.9,7.3,19.1,8.6
Lentils,134,173.3,5.7,48,38.3
Nuts,82,90.5,18.2,26.6,21.2
Kheer,115,223.1,16.4,37.7,33.4
Peas,160,483.6,30.1,39.7,10.9
Chutney,126,138.9,2.8,32.1,40.7
Rice,294,932.8,4.4,46.3,75.8
Baingan Bharta,145,177.5,8.7,64.4,10.3
Chili,282,500.7,43.9,114.4,81.8
Beans,57,163.1,4.8,5.8,5.7
Apple,112,281.3,25.6,23,8.8
Kadhi,70,82.8,3.6,7.7,23.3
Biryani,189,140.8,21.2,16,57.9
Avocado,89,195,17.8,33.4,13.7
Broccoli,254,472.9,42.5,85.8,66.2
Paneer,193,208.3,4.3,52,18
Buttermilk,277,310,8.6,106.8,41.9
Beef,224,606.2,25.5,88.5,30.4
Tandoori Roti,58,31.8,12.8,16.5,14.3
Chili,94,250.8,19.9,21,3.7
Bread,201,220.1,24.1,78,41.9
Garlic,62,185.9,2.4,9.2,3.8
Turkey,67,84.2,8,18.3,11.8
Chili,49,125.5,3.2,16.5,2.7
Bhindi,253,235.9,24.4,26.1,66
Papaya,273,383.4,16.1,53.2,28.7
Puri,123,399.2,21,48,19.6
Milk,185,85.9,36.4,11.5,17.1
Chia Seeds,111,232.4,24,22.8,37.2
Broccoli,222,134.1,41.2,67.2,21
Mushroom,299,725,53.5,63.1,24.2
Broccoli,226,751.4,4.2,71.3,38.8
Mutton Curry,59,149.3,2.5,10.3,19.5
Corn,141,170.9,4.4,42.5,36.2
Tandoori Roti,295,157.5,23,43,16.9
Pineapple,249,129.4,15,83.4,9.8
Maggi,42,98.8,2.3,15,1.3
Turkey,66,96.9,8.1,24.9,5.9
Broccoli,148,125.3,34.4,53.9,1.6
Carrot,219,293.6,43.9,43,68.3
Chole,112,271.7,23.4,32.9,25.4
Pineapple,225,297.2,23.7,60.6,8.9
Peas,144,466.5,26.9,35.8,20.5
Poha,170,233.2,31,69.6,6.3
Spinach,166,435.4,2.5,29,42.1
Beef,90,224.6,16.8,5.6,30.3
Olive Oil,216,504.5,36,50.2,3.8
Biryani,52,82.7,9.8,12.8,15.3
Yogurt,161,184.1,5.6,50.8,18.6
Corn,292,443,28,35.7,59.2
Bhel Puri,82,271.2,13.9,4.2,17.9
Pav Bhaji,114,388.5,9.7,28.8,13.4
Quinoa,293,631.5,62.3,54.1,12.8
Butter,229,399.5,56.9,87.7,60.4
Poha,267,511.7,65.5,113.1,42.4
Kheer,58,163.4,12.4,24.9,11.8
Maggi,223,730,37.8,68.8,20.5
Cabbage,186,272.4,35.7,60.8,62.4
Peas,120,397.8,8.3,34.1,27.9
Eggs,285,911.6,42.7,72.2,30.8
Peas,290,195,51.4,126.1,66.5
Papaya,160,274.4,26.4,11.9,16.4
Honey,235,424,6.1,18.5,11.1
Bhel Puri,242,335.3,11.2,58.8,46.3
Dal,43,32.3,8.5,10.9,8.4
Onion,164,145.4,7.3,22.6,46.8
Fish Curry,249,156.7,35.8,103.6,16.5
Onion,109,261.1,7.4,15.8,37.9
Curry,59,57.2,4.8,11.5,9.9
Zucchini,259,462.8,36.2,98.8,69.1
Potato,247,540.1,11.3,90.5,7.2
Pulao,82,275.1,13.8,6.6,28.4
Aloo Paratha,35,73.3,4.2,3.8,11
Potato,139,394.8,16,58.6,10.5
Upma,51,137.5,7.4,8.8,10.3
Halwa,57,148.2,10.1,2.9,15.2
Tandoori Chicken,277,708.6,21.8,28.2,27.4
Mutton Curry,248,196.1,47.1,93.8,15.1
Baingan Bharta,222,731.5,14.6,93.3,56.7
Chicken Curry,132,443.3,9.1,48.9,5.2
Buttermilk,216,191.9,10.6,52.2,32.7
Zucchini,172,556.4,37.5,12.6,31.7
Palak Paneer,286,1000.8,33.9,48.4,48.7
Palak Paneer,188,280.5,46.3,47.8,39.4
Sev,233,764.2,52.8,37.3,36.2
Sambar,166,111.2,15.7,19.9,39.5
Matar Paneer,50,161.1,4,19.5,0.7
Zucchini,148,474.9,30.2,43.2,44
Quinoa,112,101.5,13.8,6.5,29.2
Watermelon,238,623.9,3.3,92.4,11.4
Mango,40,44.3,4.4,14,5.9
Potato,251,124.2,14.1,72.3,26.5
Oats,235,305,11.8,26.8,16.7
Kadhi,45,32.2,5.4,19,8.6
Garlic,245,366.1,39.2,17.6,52
Chia Seeds,253,618.5,58.8,77.1,44.9
Roti,110,346.1,17.9,34.7,10.1
Jam,139,168.1,28.7,53.2,21.2
Cabbage,258,455.6,15.7,69.4,50.7
Pineapple,102,208.8,7.4,15.1,29.9
Khichdi,225,175.5,48.1,81.7,14.6
Rajma,219,524.2,4.5,49.3,21.7
Quinoa,173,552,20.5,46.1,12
Quinoa,111,359.1,25.9,12.3,19.6
Paneer,185,443.1,7.9,49.7,3.8
Cucumber,68,222.5,11.7,22.4,19.2
Lassi,209,643.4,45.4,93.2,65
Coconut,101,206.5,15.1,44.6,6.7
Watermelon,82,127.3,13.9,31.8,24.1
Chutney,242,151.4,31.3,49.7,77.7
Idli,55,83.8,3.5,22.8,4.4
Maggi,231,437.6,32.6,85.8,27.9
Chicken Curry,131,58.1,13.7,45.2,26.8
Pineapple,270,507.3,56.2,109.5,14.2
Yogurt,178,311.7,20.6,75.6,60.2
Lentils,47,106,7.9,6.9,15
Almonds,183,370.5,31.7,22.2,34.3
Butter,128,108.5,4.9,43,40.5
Tandoori Roti,223,386.1,53.5,89.3,49.1
Poha,152,375.8,31.5,44,10.4
Halwa,278,761.6,65.2,20,24.9
Aloo Paratha,97,264.3,3.9,16.8,12.8
Biryani,170,584.2,23.6,53.8,23
Oats,93,183.9,8.4,6.3,7.6
Almonds,250,682.3,29.4,79.1,79.7
Almonds,249,228.7,37.7,87.5,47.5
Kadhi,298,856.2,21.9,15.6,22.1
Tandoori Roti,130,267.3,29.5,19.8,3
Bhindi,108,319.5,11.4,31.2,27.9
Pav Bhaji,200,320.5,6,57.1,47.5
Samosa,255,552.3,21,14.1,85.1
Butter Chicken,270,156.3,65.9,46.4,31.2
Roti,87,140.5,16.8,31.7,10.8
Mushroom,32,32.4,6.9,6.4,2.7
Peanut Butter,279,304.1,28.3,83.7,59.8
Upma,260,683.3,3.6,46.7,24.7
Chole,205,688.7,28.8,40.2,51.3
Jalebi,111,155.4,2.3,20.2,38.7
Carrot,48,91.8,4.3,9.2,9.6
Jalebi,160,499.7,38.3,14.1,18.9
Kadhi,57,125.3,10.1,13.9,14.2
Peanut Butter,32,26.4,3.6,3.7,4.2
Beef,269,224.8,66.1,38.6,5.7
Eggs,116,74,21,16.8,25.2
Zucchini,261,356.4,3,29,49.2
Yogurt,191,190.2,8,58.9,33.8
Papaya,231,515.1,24.5,59.6,13.1
Dhokla,114,396.1,10.5,23.6,19.9
Eggs,73,152.7,11.6,15.3,10.2
Turkey,257,376.6,12.2,63.6,18.1
Maggi,232,482.6,44.1,57.4,3.3
Puri,42,70.7,7.8,13.4,9
Fish,40,86.3,7.2,4.3,9.8
Carrot,82,188.5,13.6,4.7,25.6
Zucchini,108,272.8,5.1,14.5,19.8
Olive Oil,129,170.7,18.1,7.5,34.1
Tomato,89,309,12.2,24.2,6.4
Dal,141,213,15.4,43.8,30
Beans,245,135.2,29.7,22.7,68.7
Blueberry,202,461.4,13.5,75.1,63.9
Paneer,164,167,3.5,37.5,22.3
Oats,82,126.5,19.4,7.6,18
Pav Bhaji,93,179.7,11.6,13.1,24.7
Biryani,234,195.9,39.9,40,20.3
Watermelon,33,92.1,2.4,3.1,7.6
Apple,203,626.5,7.1,16.1,34.2
Carrot,233,176.4,2.6,93.9,37.5
Gulab Jamun,174,367.9,36.3,68.4,13.1
Puri,206,504.7,45.1,89.3,48.9
Bhindi,281,369.8,46.7,39.8,92.9
Curry,216,112.2,42.3,56.2,36.5
Dal,81,257.3,5.1,31.8,23.6
Shrimp,31,46.5,1.3,8.5,0.8
Kadhi,299,336.1,60.5,59.6,58.1
Cabbage,238,690.8,39.5,19.3,30.5
Quinoa,124,90.2,2.3,9.2,3.1
Potato,111,363.6,8.4,8.1,6.8
Chili,134,166.4,26.5,35.9,29.3
Naan,166,527.6,34.4,34,32.5
Cheese,124,59.5,28.8,41.9,15.8
Watermelon,147,357.7,28.5,50.1,22
Fish,74,105.8,11,4.2,13.3
Idli,240,519.8,44,87.1,78.4
Peas,298,918.1,13.6,111.9,37.5
Bhindi,191,585.5,46.6,17.6,27
Bread,282,953.2,55.9,70.8,10.3
Samosa,76,148.2,12.7,14.5,19.6
Jam,90,91,11.7,23.8,16.7
Palak Paneer,64,64.9,10.6,10.8,10.6
Tofu,75,57,4.3,30.3,13.4
Thepla,249,515.9,28.1,54.6,14.1
Chutney,131,352.2,14,20.9,32.3
Vada Pav,145,351.5,6.3,35.1,9.1
Mutton Curry,218,438.7,26.2,25.7,44.3
Pakora,299,574.7,34.6,127.8,38.2
Blueberry,195,109.5,28.4,74.3,57.3
Chili,151,482.2,36.2,52.6,14.3
Orange,125,433.4,16.1,41.4,25.7
Coconut,139,295.3,20.2,49.1,20.8
Palak Paneer,147,275.7,36.6,38.3,14
Fish Curry,201,469.3,6.1,82.6,35.9
Blueberry,105,298.2,23.1,11.7,22.8
Turkey,124,204.5,2,39.4,35.2
Corn,37,20.5,2.2,12.7,11.8
Avocado,104,115.6,12.1,30,8.3
Nuts,111,209.3,15.3,48.6,20.1
Jam,46,147,2.8,11.4,8.5
Vada Pav,201,359.9,15.1,62.3,39.8
Blueberry,270,336.7,37.8,108.9,5.2
Tandoori Roti,136,99.4,20.9,47,20.9
Idli,259,387.3,24.6,106.5,32.5
Shrimp,165,255.4,1.8,43.6,24.9
Papaya,274,854.3,38.7,119.8,4.8
Jam,202,596.9,42.4,89.7,66.5
Paneer,100,226.5,10,35.7,5.4
Blueberry,113,177.5,12.7,27.4,34.4
Halwa,214,709.2,20,19.5,4.4
Zucchini,245,148.1,52.3,24.8,84.1
Ghee,212,98.9,36.9,79.3,43.5
Chutney,228,369.3,36.7,59.9,75.6
Garlic,277,581.7,57,21.6,39.8
Shrimp,249,196.8,50,35.9,60.5
Pav Bhaji,140,238.3,6.1,52.8,44.3
Matar Paneer,289,343.6,72.1,30.8,51.3
Honey,173,216.1,23.1,26.2,56.2
Pakora,112,158.4,17.2,44.6,13.8
Mutton Curry,225,144,48.6,76.6,26.8
Watermelon,284,564.2,56.3,33.8,89.8
Upma,108,350,5.9,47.6,7.6
Poha,85,263.3,16.1,13.9,23.2
Matar Paneer,55,157.1,8.8,13.6,18.8
Naan,136,161.6,32.9,17.7,33.4
Jalebi,241,807.4,41.8,26.3,8.1
Oats,226,376.9,41.2,86.6,42.6
Baingan Bharta,113,165.9,5.7,36.7,19.4
Pineapple,297,719.2,68.7,34.4,88.4
Quinoa,79,99.9,1,28.1,2.9
Almonds,265,246.9,35.8,33.6,66.5
Onion,80,70.6,1.9,21,14.3
Chili,170,572.9,9.9,49.4,53.1
Strawberry,145,352.6,15.1,53.4,50.1
Olive Oil,81,156.5,15.2,17.9,23.3
Kheer,35,107.7,6.6,15,2.3
Almonds,237,698.6,38.7,86.4,49.1
Mutton Curry,195,136.7,24.9,16.3,42.4
Milk,36,52.7,8.7,16.1,6.9
Orange,218,517.1,32.3,21.3,52.8
Ghee,126,149,3.1,28.3,31.3
Bhel Puri,79,212.8,10.9,33.7,26.7
Gulab Jamun,36,17.2,5.4,15.1,5.7
Bhindi,38,50.4,4.1,12.6,11.1
Tomato,60,205.1,13.5,24.3,3.3
Dosa,39,21.6,3.1,14.9,9.6
Biryani,184,431.7,7.5,26.3,60
Naan,113,195.8,16,35.9,26.9
Aloo Paratha,119,321.3,19.5,32.7,18.4
Chili,154,475.1,14.4,54.6,51.3
Potato,296,160.7,14.3,122.8,4
Dosa,250,243.4,58.9,56.5,85.1
Fish,180,428.3,17,63.4,18.6
Dhokla,34,116.3,7.9,13.8,6.3
Fish Curry,122,235.4,10.8,28.5,12.2
Strawberry,245,784.5,15.1,37.2,26.1
Aloo Paratha,85,159.2,17.6,21.5,28
Dosa,213,435.9,37.3,90.4,2.2
Quinoa,120,329,24.9,53.7,31.6
Lentils,65,156.8,12.1,28.7,21.6
Strawberry,281,743.2,27.5,52.7,37
Lentils,61,57,11.4,13.2,10.8
Idli,91,263.8,19.6,12.4,15.4
Rajma,167,478,3.8,16.9,55.9
Cucumber,189,540.9,44.7,57.1,17.9
Curry,259,501,36.9,21.6,80.6
Blueberry,191,131.4,18.2,29.7,28.7
Peanut Butter,192,528.9,12.6,42.5,15.6
Gulab Jamun,265,827.8,55.9,68.5,72.6
Papaya,211,687.1,36.3,91.8,69.3
Lassi,199,488.4,32.6,21.8,62.8
Biryani,129,130.6,16.7,51.7,42.9
Peanut Butter,195,389.1,37.7,53.5,5.8
Roti,65,130.5,6.9,23.4,18.7
Pav Bhaji,227,747.5,33.6,71.5,18.9
Upma,295,400.2,17.7,125.1,12.7
Apple,130,308.6,17.6,55.5,12.3
Corn,211,550.3,5.1,55.6,13.8
Naan,98,167,3.3,16.6,18.3
Broccoli,204,176.5,21.9,59.3,40.6
Biryani,136,124.1,18.1,25.1,40.9
Garlic,118,75.7,27.1,8.6,2.4
Carrot,294,686.8,36.8,89.4,52.3
Idli,225,156.4,52.9,73.1,34.6
Corn,291,1002,15.3,79.8,28.4
Dal,88,275.5,1.4,34.1,9.6
Strawberry,129,157.2,22.8,10.9,17.8
Poha,272,304.9,34.7,25.3,91.4
Idli,206,610.4,11,59.6,3.9
Bhel Puri,162,86.2,32.4,32.3,23.7
Garlic,171,420.3,26.5,51.3,51.3
Kheer,191,339,18.4,15,38.8
Chia Seeds,49,171,4.4,20.6,12.3
Beans,90,219.8,10.2,32.3,22.8
Milk,290,314.5,21.2,94.5,70.6
Samosa,32,95.3,7.8,13.2,10.6
Sev,175,361.6,15.5,73.4,45.8
Honey,134,272.3,32.4,58.9,21.3
Dosa,128,221,30.6,15.4,17.8
Apple,244,293.1,25.9,86.2,20.3
Beans,34,48.6,7.3,10.7,6
Poha,225,486.2,44.9,76.9,73.2
Jam,46,19.1,3.6,17.5,9.7
Upma,214,480.5,44.2,82.2,56.8
Idli,285,616.5,39.1,35.1,9.2
Pineapple,215,545.8,14.6,81.9,53.6
Tandoori Roti,157,237.2,13.3,60.5,47
Fish Curry,195,476.5,26.5,32.9,54.4
Dosa,126,421,19,52.9,15.6
Pav Bhaji,195,490.6,25.7,34.4,17.1
Turkey,217,277.9,44.9,18.8,44.1
Aloo Paratha,113,151.9,25.9,15.4,17.9
Blueberry,118,100.1,3.8,24.7,26.8
Cabbage,281,601.7,19.7,46.6,66.4
Mutton Curry,38,76.2,1.6,15.9,3.3
Yogurt,34,18.9,2.6,5,8.7
Banana,199,532,34.2,27.2,31.1
Chicken Breast,171,255.6,34.8,37.1,59.4
Cucumber,45,104.1,4.8,15.2,12
Tofu,32,14,0.6,8.6,8.1
Chicken Curry,122,354.5,12.3,13.4,7.9
Gulab Jamun,279,264,64.3,71,23.2
Biryani,99,107.3,12.5,32.7,18.4
Yogurt,146,480.4,2.9,24.7,50.1
Tandoori Chicken,91,177.6,18.7,21.4,22.4
Bhindi,293,931.6,67.2,118.6,56.6
Idli,243,747.5,19.3,71.9,32.7
Beef,129,126.9,30.7,25.7,40.5
Naan,69,225.5,10.3,28.2,10.3
Matar Paneer,99,216.8,7,7.1,10
Beef,91,261.8,15.7,36.4,29
Jalebi,152,123.2,9.1,38.2,46.1
Mutton Curry,83,241.8,18.5,12.5,3.4
Baingan Bharta,203,102.2,38.3,30.7,21.4
Naan,154,461.4,18.9,36.2,19.3
Carrot,132,424.8,26.9,47.3,39
Lentils,151,247.7,30.9,30,45.2
Almonds,269,115,63.8,107.7,44.3
Olive Oil,272,140.2,65.1,22.4,73.7
Quinoa,287,388.8,39.5,65.6,92.7
Beef,113,302,26.6,48.8,26.5
Peanut Butter,150,230.3,8.9,17.6,42
Peanut Butter,101,97.1,20.7,34.5,1
Poha,49,40.9,11.8,13.2,9.3
Chili,117,357.1,10.7,13.3,36.1
Lassi,36,112.5,6.6,6.4,12.1
Beans,62,173.9,15.2,9.2,10.4
Watermelon,105,44.9,20.2,44,35.2
Biryani,285,460.5,68.3,72,68
Chili,223,442.1,39.3,51,19.4
Jalebi,33,74,4.6,3.1,6.9
Carrot,237,543,48.4,86.4,72.4
Jalebi,122,146,24.5,53.3,35.6
Quinoa,223,572.9,18.9,26.7,72.6
Baingan Bharta,295,979.9,7.7,91,13.1
Olive Oil,118,74.3,8.1,43.6,3.9
Bhindi,256,624.1,57.4,40.8,88.3
Bhel Puri,212,338.8,47.8,72.5,13
Mushroom,280,718.4,35.5,90,81.5
Butter Chicken,46,25,11.4,4,3.9
Paneer,130,445,25.5,23.6,2.1
Cabbage,90,282.6,2.1,11.9,20.2
Pav Bhaji,155,533.9,34.6,53,50.7
Dhokla,120,303.4,27.4,16.4,4.1
Turkey,51,33.8,5.1,3.4,11.8
Fish,135,285.1,30.8,32.4,46.6
Eggplant,118,203.5,23.3,12.3,29.8
Beef,195,248.5,48.3,64.4,7.9
Halwa,125,425.3,10.4,45.3,4.4
Pulao,198,135,31.9,51.8,34.8
Poha,126,356.3,22.5,39.4,16.2
Mango,138,296,32.5,44.5,2.1
Potato,257,725,64,88.5,56
Chicken Breast,114,103.1,24,23.8,9.6
Tomato,70,226.7,4,8.7,24
Matar Paneer,123,363.1,28,34.7,35
Eggs,258,638,50.5,81.9,29.9
Chutney,270,649.5,46.4,111.1,28.5
Dal,126,173.3,20.8,15.3,14.6
Sambar,182,437.1,26.2,77.5,19.3
Orange,119,400.4,12.3,46.9,23.2
Cheese,291,973.7,45.7,31.8,70.8
Baingan Bharta,38,75.5,3.1,6,2.1
Tomato,189,145.8,28.1,28.2,45.5
Pineapple,142,471.9,8.4,19.1,13.5
Almonds,40,66.1,5.1,8.7,5
Strawberry,201,490.9,14.3,14.9,30.6
Pulao,244,368.7,17.3,81.1,43
Cabbage,289,512.8,6.9,98.4,82
Roti,283,444.6,9.3,80.9,13.3
Chili,64,71.6,10.7,23,9.1
Cheese,30,72.2,1.9,1.6,9.4
Spinach,249,812.3,11.5,32.8,66.8
Sev,237,380.5,9.3,22,71.5
Chia Seeds,62,158.7,2.6,4.4,2.9
Beef,249,139.4,53.6,44.1,80.6
Nuts,198,607,4.7,29.2,16.9
Tandoori Roti,140,75.1,31.4,8.7,48
Coconut,182,332.4,39.2,37.7,30.4
Eggs,297,146.8,6.4,26,40.2
Carrot,69,80.3,9.6,15.8,1.1
Maggi,293,541.1,22.1,82.5,23.6
Poha,247,335.5,58.9,87.4,49.4
Papaya,254,724.6,49.3,19.7,77.5
Fish Curry,159,502.5,2.7,26.2,9.8
Poha,198,105,7.4,44.7,59.4
Pulao,110,78.2,26,31.6,23.6
Pineapple,236,802,9.6,18.6,20.6
Lentils,104,340.9,16.6,15.2,13
Chicken Breast,194,564.8,37.5,55.7,16.5
Bread,222,573.7,43.5,27.3,75.4
Halwa,118,251.1,14,45.7,36.2
Eggs,135,94.8,33.6,14.7,29
Shrimp,99,301.4,19,36.4,7.8
Shrimp,89,243.4,19.8,33,28.5
Shrimp,279,721.2,45.4,78.6,6
Kheer,200,362.1,31.7,17,23.2
Eggplant,278,251.9,46.3,86.3,26.2
Bhel Puri,34,45.8,7.9,11,0.9
Spinach,295,1014.3,70.1,66.9,82.3
Pineapple,237,673,54,28.1,18.9
Shrimp,237,781,29,29.3,20.1
Tomato,194,636.6,16.7,72.4,12.6
Tandoori Roti,294,152.1,42.7,28,85.6
Buttermilk,204,479.5,44,15.1,35.1
Rajma,171,310.1,31.6,23.3,59.4
Honey,228,682.5,41.5,45.4,17.1
Potato,276,873.5,39.4,96.1,80.4
Bhel Puri,142,378.9,2.3,54.2,33.2
Jalebi,114,233.4,10.3,28.8,38.5
Carrot,290,164.4,46.4,126.9,93
Bhel Puri,162,548.4,28,46.4,31.6
Coconut,60,40.9,13.7,11.9,5.3
Banana,242,783.8,25.6,99,64.8
Oats,99,115.2,13.4,20.4,19.2
Milk,280,258.9,56.1,48.5,36.1
Samosa,260,653.3,4.6,58.3,21.7
Lassi,286,158.8,38.6,86.1,42.8
Aloo Paratha,257,536.2,3.8,61.6,33.5
Samosa,146,312.7,12.8,30,7.2
Puri,209,615.5,2.8,17.9,73
Papaya,196,328.2,17.7,12.5,61.9
Upma,166,105.9,11.1,27.5,56.5
Eggplant,276,513,18.6,19.2,48.6
Dosa,78,224.7,1.2,9.2,12
Peanut Butter,140,290.1,8.1,56.5,41.1
Jalebi,105,313.9,7.3,43.8,33.3
Butter,37,87.7,5.8,15.4,9
Khichdi,241,525.6,30,35.1,28.1
Garlic,182,401.9,39.4,55,10.7
Cucumber,214,576.8,48,25.1,26.1
Buttermilk,152,319.2,19.8,68.3,42
Zucchini,72,97.9,5.8,8.9,8
Paneer,166,573.7,10.1,36.1,40.3
Thepla,267,381.3,61.1,81.8,27.7
Chicken Curry,33,67.3,6.5,7,2.4
Upma,87,36.9,9.9,36.2,12.4
Tandoori Roti,54,123.7,9.3,7.7,10.2
Paneer,296,730.4,32.6,20.6,75.4
Watermelon,166,544,12.8,66.4,3.1
Rajma,104,268.1,2.6,15.9,15.1
Orange,284,290.8,27.5,112.8,13.5
Bhindi,231,580.1,4.8,72.6,31.8
Kheer,32,22.6,3,6.2,2.4
Carrot,271,839.1,64.2,60.4,86.3
Corn,229,290.8,13.1,43.3,27.6
Matar Paneer,34,57,1.9,7.4,6.1
Bhindi,37,88.3,8,3,3.4
Potato,52,143.2,9,14,16.4
Upma,180,285.4,38.2,49.3,62.9
Gulab Jamun,245,740.2,23,84.2,57.4
Paneer,57,27.7,3.6,19.2,6
Chole,180,157,14.9,16.2,61.1
Samosa,108,312.4,13.4,40.8,10.1
Milk,101,243.5,16.7,11.7,19.7
Dal,100,349.9,9.9,26.2,14.5
Milk,206,137.3,21.2,43.7,55.4
Bread,161,528.4,13.1,14.2,3
Pakora,50,136.3,5,5.5,1.9
Baingan Bharta,69,186.2,4.6,10.5,18.8
Puri,185,470.6,34.6,48.2,32.8
Blueberry,143,479.6,27.7,55.8,31.6
Pasta,204,564.7,3.5,28.7,35.9
Sev,227,249.9,45.8,28.8,19.8
Shrimp,227,248.8,38.9,70,42.2
Tandoori Roti,247,390.9,25.9,12.6,84.9
Lentils,147,205.3,26,19.3,10.7
Mango,296,204.1,6,90.9,93.4
Mango,274,498.2,23.8,95.8,68.6
Matar Paneer,234,189.4,28.7,51.1,50.7
Pulao,74,88.1,17.2,21.5,13.9
Pasta,77,83.3,3,34.5,21.9
Orange,95,161.2,16,7.9,19.7
Tandoori Roti,34,66,4.6,1.8,5.7
Butter Chicken,158,153,19.1,25.6,23.9
Tomato,194,536.3,28.3,30.3,22.4
Kheer,137,363.7,4.3,39.3,27.3
Buttermilk,209,350.9,8.3,11.4,4
Rajma,207,584.9,34.6,49.5,6.3
Coconut,164,199,8.3,54.1,49.9
Jalebi,122,308,10.1,28.4,3.5
Banana,46,142.6,7.5,10.6,14.2
Pulao,287,221.6,36,54.4,46.4
Halwa,66,181.8,8.6,11.5,21.6
Chia Seeds,145,399.4,20,61.2,36.6
Yogurt,269,504.9,66.6,68.3,37.7
Eggplant,294,333.9,17.3,20.3,27.8
Jam,82,137.1,2.3,15.3,24.7
Lassi,111,372.9,20.7,45.4,18.4
Blueberry,283,635.8,68,66.8,73.8
Beef,251,572,42.9,51,26.3
Paneer,40,88.3,8.4,11.5,0.6
Cheese,244,251.5,3.7,65,41.9
Chicken Breast,263,260.7,27.6,23.8,81.3
Broccoli,95,121.4,9.5,15.2,13.8
Jalebi,224,571.5,15.5,49.8,29.5
Nuts,219,648.9,45.9,60.3,63.2
Jalebi,134,439.7,31.2,21.6,4.1
Poha,106,141.4,4.6,25.4,18.4
Idli,122,282.1,19.5,39.5,41
Pav Bhaji,100,138.5,1.9,26.5,17.5
Garlic,210,458.5,12.8,82.1,8.7
Dhokla,237,274.3,12,14.9,74.3
Butter Chicken,166,460.2,20.1,22.7,7.3
Peas,115,243.7,20.9,37.5,23
Jam,137,188,28.6,35.5,8.2
Jam,287,520.7,21,97.5,97
Maggi,238,803.1,13.6,40.4,7.3
Naan,124,140.6,10.1,9.8,1.6
Butter,42,90.5,8.7,12.1,12.4
Blueberry,157,154,19.9,38.4,32.2
Yogurt,233,788.8,37.9,33.7,57.4
Peas,172,599,31.4,38.3,41.4
Ghee,232,673.8,51.7,31.6,44.9
Tomato,46,150.8,6.4,16.3,11.3
Dosa,203,365.1,32.8,65.5,57.9
Bhel Puri,59,164.1,9.1,11.8,1.1
Matar Paneer,191,433.1,42.4,76,22.5
Olive Oil,189,364.4,35.1,49.4,55.6
Fish Curry,117,189.5,24.5,24.5,19.3
Watermelon,117,105.4,4.3,41.3,37.5
Sambar,247,203.5,45.6,44.2,43.3
Matar Paneer,84,142.6,9.4,28.6,23
Kheer,258,247.5,44.8,94.3,43.3
Watermelon,154,231.2,14.8,31.6,41
Jam,276,430,3.2,119.6,53
Sev,40,43.3,2.8,15.9,6.3
Orange,117,278.9,18.2,47.9,4
Dal,212,554.2,8.3,61,17.5
Beans,254,212.3,47.8,76.6,31.6
Peas,198,504.5,25,29.9,53.3
Puri,261,473.6,58.3,36.3,87.5
Naan,133,159.7,4.9,56.2,32.7
Palak Paneer,269,865.6,47.1,92,28.3
Spinach,130,96.4,7.5,45.4,41.7
Lentils,198,322.9,3.7,14.3,57.3
Halwa,58,36.7,9.8,9.2,17.1
Eggs,171,477.2,14.9,21.3,56.5
Maggi,76,85.7,18.8,13.2,23.5
Chutney,88,213.8,13.9,9,25.4
Peanut Butter,234,804.3,48,92.7,4.4
Kheer,106,67.2,24.5,44.9,25.8
Baingan Bharta,104,147.6,15.9,26.3,5.7
Lassi,90,98.5,7.4,8.8,8.9
Tandoori Chicken,292,449.4,21.2,34.5,49.9
Mushroom,112,247.7,11.3,30.4,23
Rajma,253,682.5,25.6,52,53.6
Chole,136,171.8,22.5,18.9,24.5
Quinoa,90,258.4,10.6,30.7,14.1
Butter,129,309.4,9.1,17.1,36.7
Papaya,112,354.2,11.1,22.7,35.8
Pasta,189,445.8,4.1,53.3,36.9
Orange,52,90.8,12.2,3,10.8
Vada Pav,135,66,25.4,11.7,20.1
Broccoli,130,291.5,3.3,33,12.3
Strawberry,172,202.1,34.6,17.2,34.1
Jam,54,48.3,2.2,4.5,10.7
Cheese,66,192.9,2,27.8,14.2
Nuts,31,82.9,1.4,1.7,9.5
Blueberry,278,388.5,59.9,20.6,43.5
Halwa,142,492.1,31.5,53.5,43.4
Chicken Breast,143,344.4,32.1,25,13.9
Mushroom,292,715.4,63.5,50.2,82.6
Dhokla,50,45.3,1.1,21.6,12
Paneer,41,29,8.6,3.7,12.8
Thepla,125,395.6,17.6,30.7,8.8
Orange,175,413.9,40.2,60.1,22.6
Tomato,191,105.1,13.8,81.9,18.3
Tandoori Chicken,287,443.4,54.8,110.5,19.2
Orange,136,153.5,6.7,31.9,27.9
Puri,92,165.6,19.7,22.9,21.8
Onion,230,222.6,44.3,89.6,25.9
Tomato,152,495.1,31.2,36.2,19.5
Khichdi,77,47.3,14.3,20.3,12.1
Orange,96,126.2,12.2,5.9,10.8
Samosa,96,241,12.8,7.9,20.2
Paneer,289,284.1,37.8,98.8,20.4
Chia Seeds,229,758.3,30.8,46.2,9.9
Tofu,64,207.6,8.6,22.2,17.6
Tandoori Roti,291,674.2,40.7,98.1,59.8
Zucchini,165,407.7,8.9,41.1,14.6
Bhel Puri,101,139.9,23.6,25.5,6.8
Yogurt,69,131.6,12.6,29.2,6.4
Dosa,227,623.3,41.6,58.5,68.1
Chicken Curry,56,145.3,6.4,4.1,16.4
Roti,160,154.5,28.7,23.2,16.5
Garlic,128,176.3,5.6,28.2,36.4
Fish,198,617.2,8.1,59.7,8.9
Curry,34,24.8,7,12.8,5.6
Biryani,225,307.7,8,73.4,26.4
Nuts,37,65.9,1.1,15.3,2.7
Dhokla,225,387.7,23.6,35.9,47.2
Naan,71,35.4,9.9,4.8,3
Rice,35,50.1,6.2,5.8,6.9
Buttermilk,154,169.5,34.7,37.1,3.5
Tofu,84,163.6,15.1,31.8,10.8
Buttermilk,240,742.8,39,91,81.6
Poha,298,440.4,63.8,33.4,86.4
Sambar,165,299.4,19.1,10,6.1
Dhokla,65,81.2,6.6,21.7,13.3
Butter Chicken,163,69.7,12.1,66.3,36.6
Avocado,182,250.2,9.5,49.9,42.9
Bread,241,176.2,5.1,35.1,76.6
Almonds,230,253.8,40.1,82.3,46.3
Mutton Curry,246,238.3,43.2,58.1,19.3
Khichdi,236,323.1,28.4,29.3,44.1
Paneer,212,336.8,2.9,49.5,58.6
Thepla,96,263.3,4,34.9,18.3
Dal,270,413.3,41.9,54.8,39.7
Fish,64,86.8,12.7,15.1,20.6
Eggplant,298,361.3,32.9,53.2,32.7
Roti,101,245.4,17.8,32.8,11.7
Pasta,132,375.3,10,26.2,41.4
Olive Oil,190,179.1,16.4,46.8,40.7
Kadhi,127,102.4,19.6,38.7,16.3
Spinach,231,94.6,41.6,73.4,37.6
Zucchini,232,394.4,48.6,81.4,48.6
